       -0.0076074432315890       -0.0228084609455597       -0.1985494924137284
        0.0133821395711626       -0.0218296490879477       -0.1983541902258992
        0.0366075872933299       -0.0199532365467718       -0.1956061167728158
       -0.0233560613706043       -0.0041478166348733       -0.1985882423947550
       -0.0008518677839112       -0.0013159556455619       -0.1999938563950259
        0.0235558687072245       -0.0022716421980365       -0.1985949664364167
       -0.0131967364960377        0.0174799947178847       -0.1987971226659296
       -0.0022214003356910        0.0351938489839989       -0.1968666004704748
        0.0123948542510657        0.0176316656343046       -0.1988353388955790
       -0.0346887879352585       -0.0710000052010344       -0.1837272088622394
       -0.0147238813515630       -0.0807527986396734       -0.1823792555405270
        0.0067642116591595       -0.0894178205793755       -0.1787699605749348
        0.0261869577854265       -0.0803151613020799       -0.1812835297897970
        0.0478407737561984       -0.0874320097418073       -0.1733981085390587
       -0.0707446809907692       -0.0662944232707193       -0.1749292414300616
       -0.0521399586329670       -0.0605161946475973       -0.1833554332136941
       -0.0178059200885410       -0.0585261062965109       -0.1904144009058821
        0.0043828179531899       -0.0678434826553597       -0.1880905442213319
        0.0242826923173045       -0.0593440516313670       -0.1894429580857764
        0.0444126597942375       -0.0658446066685866       -0.1835538162120836
        0.0653048256997730       -0.0728312415739183       -0.1744445184616308
       -0.0851976651329296       -0.0466886090455867       -0.1748185678021740
       -0.0654191884020439       -0.0443621514051546       -0.1837180702495219
       -0.0402359010243948       -0.0456855542089302       -0.1905095861042994
       -0.0205608286131205       -0.0381480203803763       -0.1952485104992965
        0.0019839691961877       -0.0453807814161388       -0.1947733259875120
        0.0232425916180988       -0.0398994167051972       -0.1945965530952651
        0.0443618200618753       -0.0417556107557118       -0.1904954013258529
        0.0616852910368120       -0.0520213690774098       -0.1829991858636008
        0.0917816603164988       -0.0367352180870942       -0.1738581335362869
       -0.0771756168410634       -0.0242160516749781       -0.1829139333123267
       -0.0546526329160734       -0.0266108533661240       -0.1905385845721666
       -0.0338333802404600       -0.0216983612597761       -0.1959195842306867
       -0.0148878165804432       -0.0171359315228850       -0.1802721779576027
        0.0065837599308949       -0.0282553742455276       -0.1783062814727051
        0.0278176843777635       -0.0260906527078868       -0.1774913414268151
        0.0573424779830606       -0.0196229492959132       -0.1905958553608375
        0.0714188755861832       -0.0345788139560111       -0.1835855382291165
        0.0810785860244045       -0.0154820245040565       -0.1821718139686859
       -0.0889631974846801       -0.0058554545401676       -0.1790286657059642
       -0.0692911388694161       -0.0048264607986839       -0.1875511753700427
       -0.0483800391059572       -0.0035082435727551       -0.1940285135144423
       -0.0161409038585714        0.0062047985278105       -0.1801901593598846
        0.0063726055311977       -0.0069827584520183       -0.1819384975592615
        0.0261479554594934        0.0060813575035628       -0.1802069384146093
        0.0466105338522912        0.0019650813480400       -0.1944828954218314
        0.0687416709369669        0.0014266028771871       -0.1878098705455231
        0.0905085238268464        0.0072839748126912       -0.1781997499133280
       -0.0794701122172895        0.0172757280042486       -0.1827185007496171
       -0.0583441628023354        0.0174972873821942       -0.1904988284514805
       -0.0354867020522905        0.0147132972049871       -0.1962758590874378
       -0.0184723303031283        0.0299688020336818       -0.1789650088708346
        0.0033657994041865        0.0160107361922976       -0.1822991748024574
        0.0203520486351913        0.0304536580631801       -0.1799834007543347
        0.0336353178132184        0.0204421955026986       -0.1960887096429757
        0.0554665253401706        0.0227505029156126       -0.1908032473468304
        0.0756518956541763        0.0235886809812596       -0.1836310562251446
       -0.0880912636412614        0.0473181371471726       -0.1732077456832596
       -0.0703941782694709        0.0392893426710528       -0.1830328036487907
       -0.0489200173125018        0.0364233977027295       -0.1904735362367556
       -0.0282637550431236        0.0357284033523946       -0.1947425001271803
        0.0048160145877339        0.0590391323331682       -0.1910266653775867
        0.0191127991170339        0.0415798883701820       -0.1946941544755693
        0.0413714401654991        0.0404951930290628       -0.1914380925713770
        0.0623912015193086        0.0447263963354071       -0.1846805010462276
        0.0821779510511096        0.0456280392922454       -0.1765357368830140
       -0.0738841326032416        0.0640139242250164       -0.1744802351524026
       -0.0554502285647194        0.0579164038933141       -0.1832238038901723
       -0.0349617645533934        0.0577254230273343       -0.1882696220115530
       -0.0146407216671501        0.0522886525681997       -0.1924877816632680
        0.0298212169433079        0.0609926737757803       -0.1881238655133565
        0.0507643357155869        0.0633268168620448       -0.1827914015951673
        0.0710872761347053        0.0660963948419429       -0.1748652788428705
       -0.0341890277634435        0.0779815969342942       -0.1809695580170629
       -0.0139067951337514        0.0740899394380224       -0.1852492427122685
        0.0003226142274677        0.0894582562289463       -0.1788773779294035
        0.0134985617629492        0.0763513612359883       -0.1843590477187000
        0.0346802460355528        0.0819692856048270       -0.1791042064960271
       -0.0125002089319069       -0.1194041452421096       -0.1599574784037229
        0.0086943300240794       -0.1258821195958353       -0.1551711977665316
        0.0305595778857924       -0.1190341401472985       -0.1577877868751116
       -0.0577155243788760       -0.0996289953961412       -0.1635328148480821
       -0.0341802979726598       -0.0934733239085461       -0.1734775057027344
       -0.0135378376422000       -0.1010418181152985       -0.1720676552469255
        0.0096441494407596       -0.1087866717352395       -0.1675483525827922
        0.0295523169898107       -0.1003021464977556       -0.1704879467457067
        0.0495011202059183       -0.1094157453991921       -0.1599307155723476
        0.0662560279646930       -0.1165223774555961       -0.1484340739923713
       -0.0740028679899644       -0.0848557266986952       -0.1652969485367037
       -0.0528278701843477       -0.0818089824177657       -0.1746897435265358
       -0.0437800478350738       -0.0854207593180638       -0.1530213721018827
       -0.0274289947726205       -0.0757025999782836       -0.1632645443571475
       -0.0055562916743381       -0.0828440518726985       -0.1615368931644381
        0.0353221661360173       -0.0712111737929203       -0.1628543021037306
        0.0405871782487820       -0.0907561628255450       -0.1519715810980761
        0.0661007733004524       -0.0951861676052529       -0.1630039302349136
        0.0827139904133392       -0.0796656970339799       -0.1637430074871412
       -0.1109933476162843       -0.0675837480590711       -0.1520293189770385
       -0.0903610669142677       -0.0664717366208623       -0.1655789412833709
       -0.0694507576448254       -0.0524678812809710       -0.1592446366611236
       -0.0504666908026675       -0.0650487212533050       -0.1607766551537781
       -0.0308052953883132       -0.0534528509336939       -0.1710693766692235
       -0.0076854862398448       -0.0621442535293374       -0.1709071380660907
        0.0138548546161550       -0.0673456881118389       -0.1677050756478818
        0.0526803949759913       -0.0561710437269570       -0.1637949835511553
        0.0584266163630157       -0.0756903691940428       -0.1538429066661956
        0.0817795075504376       -0.0560986984080749       -0.1736808803159796
        0.0986281637194362       -0.0637632686596154       -0.1618849310155399
       -0.1051877287962450       -0.0485213482149199       -0.1630374818471543
       -0.0863784791225451       -0.0394849834066643       -0.1532188132394463
       -0.0518751669625881       -0.0407611678194547       -0.1685246477712575
       -0.0336969114378880       -0.0293680799580832       -0.1756881069350611
       -0.0117398536480843       -0.0404449947299439       -0.1754457097708224
        0.0117525607243142       -0.0473579849373711       -0.1740184805058871
        0.0320775040724997       -0.0487889265573141       -0.1714567052845856
        0.0494216603229223       -0.0330531871958498       -0.1721208150189533
        0.0692253030863650       -0.0400061886030144       -0.1622281097776658
        0.0922256445440047       -0.0435435558583887       -0.1532108543661559
        0.1099073011717223       -0.0313618078323969       -0.1641244105963892
       -0.1162659135999470       -0.0282467016925973       -0.1602634117892348
       -0.0974361865240005       -0.0281219681925618       -0.1723813925210711
       -0.0722098333298157       -0.0294009169068309       -0.1661988060291458
       -0.0544829561911543       -0.0169679405338235       -0.1737626469710566
       -0.0432045578259469       -0.0207909624249324       -0.1569771416113421
       -0.0201059536729875       -0.0328914699240030       -0.1580579968635887
       -0.0022548318785190       -0.0206124525615776       -0.1613208766385715
        0.0200018723984377       -0.0309903944938659       -0.1572669542292662
        0.0410874351043805       -0.0184602328169123       -0.1577430883799536
        0.0626365543902608       -0.0156331822929150       -0.1696505409792402
        0.0824109949463509       -0.0222185667646017       -0.1603397457745299
        0.1001944314894068       -0.0130338030753976       -0.1726012627446495
        0.1186820942384711       -0.0111849108473133       -0.1605909657436951
       -0.1264515366180110       -0.0077886974232467       -0.1547557593448272
       -0.1085382647380613       -0.0074670680087061       -0.1678204039652613
       -0.0831986688289235        0.0055602170042719       -0.1621489880978491
       -0.0601886171183328        0.0055147888631395       -0.1733302560617704
       -0.0362143656278373       -0.0044489480781497       -0.1780748405326696
       -0.0237626797810286       -0.0103602803981872       -0.1620540374226998
       -0.0017081669602418        0.0012366941371276       -0.1633157240386774
        0.0192656050419256       -0.0094306478108866       -0.1645778861062854
        0.0419634245000173       -0.0082526755618496       -0.1763545611277692
        0.0565646619168881        0.0089914809319364       -0.1728047675041391
        0.0785585991838109        0.0002151903158028       -0.1645598616422577
        0.1098338374452234        0.0090131501489184       -0.1668990451978495
        0.1285138076847744        0.0084238532132833       -0.1530138553031055
       -0.1195202838345506        0.0135535718898009       -0.1597848630607449
       -0.0999769491082966        0.0140584165226353       -0.1726469536329288
       -0.0802339662444715        0.0274112360081752       -0.1640505560086816
       -0.0587229229925885        0.0269481015752858       -0.1692893675672770
       -0.0381986101520882        0.0185150817540407       -0.1767003442055892
       -0.0236990936685496        0.0117264495864552       -0.1606256952408412
       -0.0017876242269077        0.0242473453185012       -0.1661190900245145
        0.0178370742020276        0.0153186619056239       -0.1627095906882893
        0.0396860749179503        0.0226634732290179       -0.1716447738140230
        0.0604315977882953        0.0327466948316795       -0.1683935106589313
        0.0753308293130516        0.0202887160066495       -0.1619507638403582
        0.0960823880026780        0.0284090497169106       -0.1730927514934968
        0.1164245805791813        0.0286889371283196       -0.1600695534586152
       -0.1097448842998070        0.0515619797333172       -0.1590516350255784
       -0.0871986056806741        0.0437107753277608       -0.1538358349145543
       -0.0630401529844648        0.0480837992616497       -0.1629457619598835
       -0.0404690114948094        0.0414213474483126       -0.1725180794940065
       -0.0240850877028563        0.0340145591390726       -0.1592359362982678
        0.0008829010743729        0.0424371063807482       -0.1769164178051367
        0.0206224018591440        0.0372466674760059       -0.1612623151871877
        0.0399570855318910        0.0448188144103290       -0.1734833908830792
        0.0614677078946510        0.0536644111624901       -0.1619893512817120
        0.0821253028288226        0.0425462007890644       -0.1570181497027966
        0.1048783448719889        0.0470675382360967       -0.1636617842689617
       -0.1157907335730472        0.0702777965970613       -0.1471514094473818
       -0.0947271414011514        0.0675061870832898       -0.1626950626608887
       -0.0595331916494806        0.0718536429360800       -0.1546346822892437
       -0.0419077680299836        0.0638144231808083       -0.1654877156648937
       -0.0208702875025787        0.0540819480439354       -0.1721965490174896
       -0.0021833645313426        0.0662330352291124       -0.1687532547940284
        0.0185375237735144        0.0552499251037560       -0.1729922413578240
        0.0384076217958230        0.0643603568131767       -0.1642534020562173
        0.0788247136125772        0.0659731901083523       -0.1511256027068118
        0.0921001671187250        0.0642117462441342       -0.1655125701433463
        0.1113053600105557        0.0681580881848285       -0.1515440261199353
       -0.0777563459445581        0.0833694110782278       -0.1643273925523903
       -0.0557228868519603        0.0798266661753762       -0.1747073646269820
       -0.0417265013187300        0.0865333875906121       -0.1538856703562808
       -0.0220527342001788        0.0776376026853902       -0.1620509437172854
       -0.0025339487106460        0.0889447921179511       -0.1573530974052727
        0.0170557986308438        0.0773736777209582       -0.1624490304826069
        0.0362857844034633        0.0873800795479302       -0.1553006258374432
        0.0544029231271255        0.0838685115313598       -0.1732235397989553
        0.0768261613333970        0.0841408950842885       -0.1643716845975036
       -0.0605065441950463        0.0982002749906325       -0.1633880781989301
       -0.0380183021003500        0.0965416288040393       -0.1709804744299477
       -0.0181752429907845        0.0973864982827130       -0.1737398356460061
        0.0024788360457454        0.1096194562300390       -0.1672645515558942
        0.0207437542592095        0.0977458816065334       -0.1732496444995227
        0.0418947394015340        0.1031344584250681       -0.1661568965815904
        0.0633066554795930        0.1009967963515408       -0.1605986130531410
       -0.0168986929269214        0.1177132318900760       -0.1608043195719202
        0.0065919491866787        0.1277002204922799       -0.1537829636201726
        0.0250977069356263        0.1169721845564647       -0.1602735572660873
       -0.0505547753751845       -0.1291209416262179       -0.1441249358184670
       -0.0325414207861090       -0.1419396680157868       -0.1370918909761157
       -0.0113682082249433       -0.1368291060149065       -0.1454254433791301
        0.0094275333251364       -0.1427916676296146       -0.1397199387360471
        0.0316042239815514       -0.1459750824584918       -0.1330129630794339
       -0.0854249357611656       -0.1175394049037431       -0.1374302320174621
       -0.0643738071858597       -0.1153345342899853       -0.1501797527931339
       -0.0414627928141017       -0.1108191083783313       -0.1612450372197571
       -0.0313329627980281       -0.1249590674863847       -0.1529819495454668
        0.0016692309771077       -0.1172684686656577       -0.1372158926732675
        0.0247509099658350       -0.1284908568404880       -0.1402071409561747
        0.0480465516706207       -0.1303360318283351       -0.1438890117385294
        0.0672321859471737       -0.1349963771489992       -0.1313613769070531
        0.0845501366652337       -0.1199776318044061       -0.1358552254333906
       -0.1010515019719352       -0.1015469964066385       -0.1395593116163008
       -0.0804525606424671       -0.1012669206310373       -0.1525529294366198
       -0.0628776202083348       -0.1101005137826085       -0.1298393012334728
       -0.0434509499699131       -0.1061994784930236       -0.1399851378077520
       -0.0247463629171370       -0.0994055768123293       -0.1527143284275534
       -0.0021628505471679       -0.1024054690324236       -0.1520084399857977
        0.0170835667119943       -0.0872904367522526       -0.1588192778346605
        0.0411363383761100       -0.1096142558290065       -0.1380138311581309
        0.0606359151877358       -0.1134176751255038       -0.1276375220439255
        0.0837293208915112       -0.1010003203442300       -0.1509580608471284
        0.1023619732115549       -0.1041910140800721       -0.1366245183914878
       -0.1160044217099853       -0.0851714274687185       -0.1388841318874361
       -0.0952013095251313       -0.0846772310253199       -0.1541637998908703
       -0.0725844758238859       -0.0725831302799743       -0.1490185443347081
       -0.0612070828005383       -0.0904186041325917       -0.1440514342510335
       -0.0345092154654065       -0.0854378723756357       -0.1342456019279491
       -0.0152973700337262       -0.0808405757997498       -0.1436913191191654
        0.0046372953504336       -0.0912108651542440       -0.1383334747072495
        0.0242927715175118       -0.0790967306488088       -0.1412617182893350
        0.0425754635640987       -0.0887005254668741       -0.1297916496409400
        0.0613577411300015       -0.0952224524673132       -0.1414086395472595
        0.0786367928123271       -0.0792820025011785       -0.1421682660781924
        0.1005215124309417       -0.0852683804873689       -0.1504151881981325
        0.1190447329596444       -0.0894663337225673       -0.1335070286396706
       -0.1305756361714842       -0.0672519480822878       -0.1357467448336588
       -0.1099687822942629       -0.0610285642678560       -0.1321656631912457
       -0.0902226230661094       -0.0595820736673143       -0.1465510829844392
       -0.0528074046440730       -0.0487747127866558       -0.1444747240347917
       -0.0335037201606275       -0.0644771098655236       -0.1451706750321556
       -0.0152973494003932       -0.0575911929862491       -0.1535810111036547
        0.0038172152382903       -0.0687202362531981       -0.1481136115678688
        0.0223229308397695       -0.0553371123483796       -0.1509129311507956
        0.0415162956565291       -0.0662675598389970       -0.1429706279040432
        0.0583699290313201       -0.0511801534761686       -0.1429266484674530
        0.0750015717331262       -0.0599683909499599       -0.1536434211960554
        0.0952416009038362       -0.0621984521269122       -0.1415505791007532
        0.1169358538165119       -0.0711694719870498       -0.1458112216744688
       -0.1422907825842121       -0.0472746201135229       -0.1323572570433977
       -0.1241474606211533       -0.0487953144540607       -0.1490182045274474
       -0.1051304760884868       -0.0396399334909590       -0.1426154508203867
       -0.0905234685184650       -0.0514867959852493       -0.1269164665371209
       -0.0717148442275688       -0.0503701375349785       -0.1359687054407653
       -0.0365221751492864       -0.0441301485831403       -0.1543831361109194
       -0.0184297389543827       -0.0431785886426569       -0.1386220096162615
        0.0017573403845640       -0.0447150166389239       -0.1561230320494113
        0.0196619863900118       -0.0385008196118273       -0.1378168094076753
        0.0404333395830620       -0.0419083031876866       -0.1520547191364867
        0.0771925768722120       -0.0348551884094141       -0.1399505056696740
        0.0958426334004305       -0.0410217745387386       -0.1295547523799997
        0.1123482961396923       -0.0346715437561533       -0.1404789587440658
        0.1148414121784903       -0.0508446132729845       -0.1556479211081683
        0.1321409430562267       -0.0506772094720144       -0.1413173437066331
       -0.1347401296414622       -0.0297839595057120       -0.1447688266995176
       -0.1209175548235023       -0.0218818989881672       -0.1374545692130005
       -0.0896188565050244       -0.0167238085120419       -0.1573174495598924
       -0.0847766095114729       -0.0289826694525486       -0.1370771623857333
       -0.0630444585908984       -0.0304454611499168       -0.1480938109320310
       -0.0380077199359343       -0.0280707856777381       -0.1390271727990407
       -0.0185636473231080       -0.0183085977024288       -0.1414397041068680
       -0.0004529520805925       -0.0301500583916271       -0.1408317412360392
        0.0274975526019746       -0.0133950334433785       -0.1423468821426274
        0.0400152545073851       -0.0279461847179258       -0.1361180726267871
        0.0591872717269566       -0.0264173892232888       -0.1494708418109909
        0.0758807612656314       -0.0108389935869548       -0.1428222872117587
        0.0969881708254528       -0.0213301149244619       -0.1453760946683750
        0.1288863910642626       -0.0293524882959068       -0.1500890722805192
        0.1377669534724466       -0.0094522252126217       -0.1446752293984800
       -0.1437197886204607       -0.0090144488043623       -0.1387925145126608
       -0.1219576384541066        0.0011542831508346       -0.1355480195300773
       -0.1031918656180698        0.0045217987770987       -0.1501569297190782
       -0.0824622214819866       -0.0030385574118150       -0.1408793392127236
       -0.0675519234627588       -0.0103628780984518       -0.1575313372845690
       -0.0453675743235839        0.0021843309616704       -0.1593334463216774
       -0.0105866916335785       -0.0004444968348982       -0.1449948375584888
        0.0076786662264695       -0.0128129545606504       -0.1434368081272308
        0.0145402725539096        0.0074966877116545       -0.1463888292191476
        0.0369279605132063        0.0036288641371857       -0.1575283967277504
        0.0600309356574950       -0.0012754554981233       -0.1541148788490753
        0.0937171025547848       -0.0009281531885173       -0.1320869265732070
        0.0959318608020385       -0.0003232679878146       -0.1535709201014280
        0.1147214989438185       -0.0089307868544551       -0.1407135580087825
        0.1441776228960482        0.0129308249636304       -0.1380058217225219
       -0.1371263094990877        0.0130720909857400       -0.1450017092093015
       -0.1183831573012340        0.0220014258897797       -0.1366434721552497
       -0.1044595194909274        0.0326150907372849       -0.1674050915425980
       -0.0841833021252278        0.0204638668341169       -0.1417500808302405
       -0.0647999427628710        0.0113065089721270       -0.1523050093288662
       -0.0428770802009006        0.0240451589429635       -0.1547630507520658
       -0.0248461617879115        0.0181253716036629       -0.1377537008938067
       -0.0060757485025023        0.0220242082800657       -0.1485601003831655
        0.0197414304410676        0.0227959132246556       -0.1313583342777327
        0.0340921859864573        0.0239060705446662       -0.1467941783752763
        0.0531497864490855        0.0184016138943639       -0.1506674292452200
        0.0768627345525963        0.0129359866204021       -0.1421093881616579
        0.0950427809943934        0.0224300523697894       -0.1527137343748804
        0.1136407205979038        0.0123185954519825       -0.1416100090216009
        0.1325441581788234        0.0304132229244806       -0.1466529304708257
       -0.1419506117313985        0.0333234156802705       -0.1368925629727373
       -0.1244358444002738        0.0341517757121578       -0.1528050289133654
       -0.1079590059452877        0.0443516163905365       -0.1391608093297380
       -0.0831698538323977        0.0419684150960705       -0.1355406281242340
       -0.0643852334074180        0.0327683084254011       -0.1466474376335925
       -0.0438154065071540        0.0470484829730380       -0.1513909890712349
       -0.0219578841050797        0.0399856467149080       -0.1406244784416280
       -0.0037987430829589        0.0458001308877607       -0.1577015525632411
        0.0104494837007702        0.0329258792044101       -0.1452694512184991
        0.0427233159044910        0.0414570578574425       -0.1547381830833013
        0.0649411379478741        0.0353563720483532       -0.1454150766867451
        0.0849617613011297        0.0358720857897679       -0.1359473726809549
        0.1086585234643687        0.0367849556676502       -0.1416857106881306
        0.1236749300495848        0.0509988971162935       -0.1486728763446489
        0.1472306297785099        0.0538099700444992       -0.1242080061162116
       -0.1296552076292873        0.0535398561653785       -0.1425587982367736
       -0.0962799257370315        0.0618653889387195       -0.1413105174752968
       -0.0761396068264375        0.0602879152557353       -0.1511552983177011
       -0.0609739240012417        0.0536414926847456       -0.1375076252513716
       -0.0407673729642211        0.0675043870552127       -0.1426394813634964
       -0.0224861161820609        0.0582760703364163       -0.1517675033189458
       -0.0031683768511224        0.0691090645902079       -0.1472176062084834
        0.0156781961042935        0.0570975987398050       -0.1527507453529551
        0.0339327210433802        0.0671085330570484       -0.1457647858640658
        0.0514107594264604        0.0558631010515303       -0.1424452072553359
        0.0960074497177552        0.0547570531006039       -0.1431519338912738
        0.1101733585036883        0.0621061399847472       -0.1296884386818806
        0.1316011389010992        0.0677997007996894       -0.1344780310078372
       -0.1187611342322774        0.0889844898163896       -0.1340803996245446
       -0.0993907006180913        0.0858558898518374       -0.1508318760075262
       -0.0799033392710850        0.0794261828266360       -0.1437160319276807
       -0.0613490503612494        0.0933088682322294       -0.1430221431725461
       -0.0412124790065862        0.0896177284149778       -0.1310683438753983
       -0.0219997329107056        0.0792791813158613       -0.1381972141801276
       -0.0034286656733686        0.0910719913011770       -0.1362543333607784
        0.0159885100215701        0.0796264401905069       -0.1402165447396572
        0.0362838102158622        0.0861085601133537       -0.1328203848254742
        0.0565137199425216        0.0754749499366221       -0.1555659492228772
        0.0734347267714327        0.0828915832044921       -0.1415250258784952
        0.0965278959539923        0.0841160856552203       -0.1536452063706779
        0.1166684544174043        0.0850082695161516       -0.1384271139223008
       -0.1017277147490790        0.1033447939780024       -0.1377364352395409
       -0.0818329196700329        0.1018158684466218       -0.1514493387116048
       -0.0614304933726859        0.1116559108428972       -0.1301484610883371
       -0.0415053216721913        0.1080412627925338       -0.1402477135139185
       -0.0230337159704315        0.0992395726966214       -0.1502347001420251
       -0.0025147202274565        0.1104300195891384       -0.1440793949951995
        0.0167393423789532        0.0992096082593649       -0.1505605641771467
        0.0357194658309944        0.1072088138638889       -0.1404833538271204
        0.0552688580226679        0.0972187220050294       -0.1439779357286611
        0.0832346126614333        0.1022257481123281       -0.1504057700878017
        0.1021321059232892        0.1018556262064688       -0.1385440881139371
       -0.0848407319235235        0.1179924355610648       -0.1374039132374808
       -0.0638033769672133        0.1162757222825791       -0.1496966449975439
       -0.0421447429033806        0.1130145413892196       -0.1595353694593433
       -0.0313272199545560        0.1286331343394654       -0.1499070447725550
        0.0009009845629966        0.1286338512060036       -0.1275067014705643
        0.0172019770388244        0.1187045828575871       -0.1358521878344874
        0.0485782945789617        0.1197580011066227       -0.1526373822415522
        0.0692923145723118        0.1189278844913931       -0.1451024928515703
        0.0883173332471539        0.1197261275641615       -0.1336626463462810
       -0.0504569215589740        0.1315917403983710       -0.1419074097662824
       -0.0104219277513350        0.1368434727323546       -0.1454828078766513
        0.0127268923140329        0.1438297265298158       -0.1383872681590959
        0.0307958806416225        0.1329337607075594       -0.1462197969056723
        0.0520544780324641        0.1363844669588936       -0.1367099429584682
       -0.0329415361987017       -0.1573283124186317       -0.1190069633877970
       -0.0115025078600305       -0.1522572494796719       -0.1291720646235550
        0.0106522426534856       -0.1569690120623356       -0.1234797917348438
       -0.0880549763857203       -0.1346964604473835       -0.1187568301178221
       -0.0697907826198137       -0.1325841345560689       -0.1324790320566929
       -0.0523518139379297       -0.1461478131316957       -0.1260956158606567
       -0.0243301659238877       -0.1362879814457018       -0.1197976522611344
        0.0005309935844065       -0.1327419976439203       -0.1242985067008778
        0.0210317710468951       -0.1384425953618880       -0.1160931693955318
        0.0318131351086176       -0.1603021744208841       -0.1152871949694742
        0.0511595918476667       -0.1480872068291087       -0.1243095947706410
        0.0859542414680529       -0.1370628341715106       -0.1175825151395211
       -0.1039166858018670       -0.1187624584231920       -0.1228690395485841
       -0.0801215474718304       -0.1124499339179880       -0.1174783826319667
       -0.0536849664646665       -0.1075467530033731       -0.1106670335945037
       -0.0436421300460532       -0.1244179364572741       -0.1239817062123042
       -0.0229598622468471       -0.1193682748090396       -0.1364809373493395
       -0.0130625937406717       -0.1173904249895619       -0.1167107017811287
        0.0213096628938454       -0.1155524486523806       -0.1233045273613637
        0.0417883744628508       -0.1280018398980604       -0.1224609848440075
        0.0584811778433058       -0.1275643940438225       -0.1089252193741210
        0.0771672872557103       -0.1169353143751112       -0.1157422168205434
        0.1025790546698160       -0.1214051641829438       -0.1214014978394336
       -0.1198210338884425       -0.1019669033313295       -0.1234733593829360
       -0.0975917245613414       -0.0956561817693755       -0.1195709101705054
       -0.0792453272581198       -0.0927690051831122       -0.1335262625322790
       -0.0543183140382817       -0.0887596876811646       -0.1242096319348183
       -0.0342273276160355       -0.1047012011071522       -0.1201348348939111
       -0.0158016430701685       -0.1009971366360768       -0.1324075620475795
        0.0033956301147715       -0.1022614403196506       -0.1190770678034522
        0.0211189531573623       -0.1041819778836605       -0.1442515653830556
        0.0418217278586835       -0.1077502207619970       -0.1152345117364179
        0.0608538456096584       -0.0930070710306834       -0.1181097125044858
        0.0815224871729404       -0.0983219708081886       -0.1290113552850414
        0.1016622987607215       -0.0972800894232556       -0.1150005064071070
        0.1205784012882531       -0.1062669790148227       -0.1190301571251022
       -0.1349008346022607       -0.0841663063177464       -0.1213169308805305
       -0.1138674815407925       -0.0786227966597070       -0.1183685372232774
       -0.0943111215491921       -0.0769805484065003       -0.1347718871076661
       -0.0915104037278241       -0.0730735743443007       -0.1145428577353867
       -0.0535262059968218       -0.0689940183621382       -0.1363610655643655
       -0.0368657107881557       -0.0872252855825097       -0.1094033776707855
       -0.0163221919840259       -0.0854935112525497       -0.1195212660761573
        0.0036897778445298       -0.0770497700800226       -0.1256912097551597
        0.0226614409513961       -0.0908205578329185       -0.1217854956782507
        0.0551263642625619       -0.0734518418017400       -0.1074298359926193
        0.0591193698161839       -0.0726546691528978       -0.1313314223205112
        0.0775280168763866       -0.0771196685701559       -0.1198047556621452
        0.0984262078350561       -0.0802578377523235       -0.1291812418727755
        0.1152270182094227       -0.0743176015749164       -0.1165896421320653
        0.1357333245171614       -0.0882991467852652       -0.1173870746595031
       -0.1479019833142966       -0.0633999616429333       -0.1187663596740255
       -0.1274733577292594       -0.0617443184883050       -0.1127752228702630
       -0.1064753886832255       -0.0549465887042309       -0.1123190496694235
       -0.0732028494251076       -0.0710871007635553       -0.1260655828340243
       -0.0568448656906726       -0.0524444742039585       -0.1194905624694142
       -0.0367032872408547       -0.0687127922855089       -0.1205917245973851
       -0.0161879549743688       -0.0653822614849825       -0.1304253901599244
        0.0018911679522157       -0.0533162648744312       -0.1345617951117625
        0.0198430791081433       -0.0633201132959579       -0.1293874042842927
        0.0373105623863733       -0.0703838138332004       -0.1197721306260282
        0.0562750574833887       -0.0549834706048721       -0.1174917665722577
        0.0763180188291425       -0.0563483966163925       -0.1308370658491822
        0.0941111925332098       -0.0601098018720649       -0.1177799970598572
        0.1134312928569234       -0.0569253267429081       -0.1308305781602251
        0.1343216933925910       -0.0703323244020536       -0.1304264039400327
       -0.1584392685046800       -0.0410123397417978       -0.1149564535387410
       -0.1229324763058694       -0.0442784470943408       -0.1266421853379733
       -0.1062133146725797       -0.0313542060930958       -0.1231036649324115
       -0.0746540990001264       -0.0342808265305814       -0.1190826634393623
       -0.0556593295013054       -0.0318094768415003       -0.1283183288811557
       -0.0369455632796533       -0.0491907467883436       -0.1294569211504836
       -0.0192782407142795       -0.0493527922353789       -0.1162456116848917
       -0.0002043674925628       -0.0376298602148926       -0.1213293315995016
        0.0193559414983896       -0.0473313646663725       -0.1154348812661321
        0.0375406962163773       -0.0496610954630387       -0.1295796681992301
        0.0581107787779918       -0.0378791067771843       -0.1272080401125142
        0.0757820741770134       -0.0381100756040806       -0.1160425350890456
        0.1108473067463564       -0.0490960142142211       -0.1098782003998780
        0.1259125046083140       -0.0379339092800848       -0.1242144672344370
        0.1478385014609732       -0.0503882527575706       -0.1249191798979224
       -0.1597540794015096       -0.0096288867373111       -0.1199413133775325
       -0.1515215875305331       -0.0269498998318311       -0.1277298375702510
       -0.1319186548584185       -0.0242891338711262       -0.1210036067226497
       -0.1041090300251085       -0.0147953465876008       -0.1426350840602906
       -0.0916833776846882       -0.0147930664701973       -0.1228749901691683
       -0.0694600186953069       -0.0139438270023503       -0.1309572197017705
       -0.0374398629902987       -0.0151917896695098       -0.1211740921123866
       -0.0193226197873111       -0.0267644397761206       -0.1226821790482833
       -0.0026664556932578       -0.0127908654227531       -0.1237628526748154
        0.0182857134758147       -0.0249326411263965       -0.1229999240134683
        0.0377444304714396       -0.0141141992438812       -0.1196596830855465
        0.0608432362511272       -0.0195801901807369       -0.1270421440420527
        0.0840587870156087       -0.0195240041413038       -0.1221148530005869
        0.1053443988016475       -0.0211358588274908       -0.1226618267323066
        0.1260700647084744       -0.0174283666639510       -0.1269805580403820
        0.1449927990988536       -0.0301718807253473       -0.1344125954762486
        0.1592989206799841       -0.0296441066069338       -0.1172394166181244
       -0.1522118691302676        0.0106940246638640       -0.1292949524006070
       -0.1354975644687564       -0.0024022434364446       -0.1170212461211334
       -0.1133455761194642       -0.0092989021893621       -0.1190252018388922
       -0.0986527356786108        0.0077123452918091       -0.1291302108116645
       -0.0672504968367304        0.0116725652862549       -0.1313967100386304
       -0.0542068338208526       -0.0089989528828603       -0.1399598193084846
       -0.0342387436252718       -0.0025729602437140       -0.1420476234074317
       -0.0235423843888178       -0.0008393361307229       -0.1238564626438533
       -0.0012252077326460        0.0088108854536515       -0.1303789456602285
        0.0180986097575737       -0.0015945659804429       -0.1248845017341387
        0.0363602566209047        0.0060930722713047       -0.1338931892929454
        0.0512200349455470       -0.0052585141436269       -0.1384315373255711
        0.0705541458210531       -0.0002130677555792       -0.1233966208702452
        0.0902451151334236        0.0001247047190535       -0.1102996403335411
        0.1117613838735363        0.0016526781353248       -0.1182850072282841
        0.1317990098416398        0.0037260617050151       -0.1248609979237768
        0.1527562049042149       -0.0081804599484220       -0.1288356392461259
       -0.1571353791083059        0.0335877736328660       -0.1190812079106253
       -0.1381194387883748        0.0205647042880189       -0.1194292637469620
       -0.1171815000234645        0.0153265845256498       -0.1173882562633590
       -0.1007561685915335        0.0256256161864401       -0.1487576492084829
       -0.0828242148078609        0.0232245536839843       -0.1188944548070064
       -0.0482054157845928        0.0142580228409415       -0.1370580705967607
       -0.0384903294294007        0.0197111685859850       -0.1178931112011485
       -0.0176105695018866        0.0140895031245397       -0.1141552926935433
       -0.0031356194157850        0.0278071933470396       -0.1043238238718954
        0.0152156031215741        0.0174070478743552       -0.1144346523044391
        0.0390320721187212        0.0215910997387961       -0.1211740771539862
        0.0584956630835238        0.0177245912354937       -0.1305913980378588
        0.0795893761044891        0.0183415362845204       -0.1185175558697285
        0.0975639014668219        0.0194959051617027       -0.1293165357833798
        0.1215316486796575        0.0237531512438979       -0.1257711865905685
        0.1470168811468570        0.0339725743342719       -0.1312703350385997
        0.1583321591898990        0.0134252134259030       -0.1214524228918444
       -0.1460875259975986        0.0539059488844100       -0.1255092962138565
       -0.1253916644359940        0.0396508879460090       -0.1246211611178469
       -0.1008589894610034        0.0313516435229467       -0.1238660061853183
       -0.0769419419818053        0.0454896707074826       -0.1185446130400203
       -0.0607979423306886        0.0337198517235459       -0.1252414538064855
       -0.0425875105315845        0.0343847526703202       -0.1347012356796059
       -0.0227263280741934        0.0359593886064669       -0.1198520719458493
       -0.0045766493707635        0.0282266148544241       -0.1272446640758302
        0.0114867461271058        0.0400622824795972       -0.1205439464270356
        0.0281797498035360        0.0446821989614704       -0.1382448174262279
        0.0475785110997110        0.0386301058661551       -0.1310964043137176
        0.0684021166249970        0.0388543871488284       -0.1218751719929599
        0.1051166686454785        0.0423419390022396       -0.1221037382943831
        0.1274146672677124        0.0447680319881257       -0.1278881377846423
        0.1610596762851978        0.0339702467366039       -0.1136037104857355
       -0.1335681208861760        0.0731713095746477       -0.1296360928106347
       -0.1150403845977986        0.0609947733920813       -0.1250080898209371
       -0.0973052284980061        0.0542324234965226       -0.1191864962185468
       -0.0791237131343340        0.0658379220800448       -0.1265876323999438
       -0.0592836138597384        0.0580894654172424       -0.1143978113224304
       -0.0407350183873151        0.0511516389668348       -0.1265409924710125
       -0.0200039719575694        0.0599208692303975       -0.1291062993633749
       -0.0024209789788652        0.0493883884829615       -0.1371502662968600
        0.0151681699961740        0.0604119204242166       -0.1308518206925038
        0.0370377787960536        0.0615281827052148       -0.1249955782960286
        0.0590454910158721        0.0578208841018333       -0.1176406439164630
        0.0711245622676908        0.0566779770056531       -0.1375490411276281
        0.0859590733458351        0.0584553727210516       -0.1235331036109678
        0.1258459129456097        0.0617660934790287       -0.1130904218821602
        0.1478331882075624        0.0718338358466669       -0.1139528345416536
       -0.1361475071657972        0.0906917232625924       -0.1150602783207776
       -0.1154788750616025        0.0803262846113759       -0.1125434467843775
       -0.0997450322202495        0.0787084075013302       -0.1295716827450153
       -0.0921513469908708        0.0769979487508305       -0.1104133037460559
       -0.0596022271171879        0.0758987367868138       -0.1306604401079925
       -0.0389701511503639        0.0704673069147896       -0.1209839320967618
       -0.0219099949115460        0.0980871061301775       -0.1259575297289039
       -0.0014155246878449        0.0719589959858405       -0.1243858963066686
        0.0219938837564743        0.0797921089424175       -0.1153953843942051
        0.0471052905043109        0.0794928140711483       -0.1136970296101181
        0.0548205696590601        0.0751827435940095       -0.1340408780170421
        0.0723115380806400        0.0757371436832907       -0.1196298433569025
        0.0935770009071213        0.0785284057605114       -0.1341358104330566
        0.1123973768045825        0.0806941401004380       -0.1174702580742913
        0.1341247270838662        0.0861474302274237       -0.1207856690250209
       -0.1206416029998701        0.1054669470773796       -0.1196759236863158
       -0.1000508454718770        0.0982865585459967       -0.1171979627810964
       -0.0806396558172851        0.0932423488769605       -0.1283069079002805
       -0.0612761619375867        0.0966159493277508       -0.1177077876756805
       -0.0418500989355909        0.1070152269429069       -0.1160860965512069
       -0.0197072789335083        0.1182842220383894       -0.1349725163116091
       -0.0025482714632107        0.0884086347180640       -0.1128258450413230
        0.0162925068808462        0.0980018169053182       -0.1273794871831018
        0.0367385179194824        0.1006841776984307       -0.1158453317014844
        0.0576239251470096        0.0957694095998708       -0.1215291382919945
        0.0769944863998894        0.0989130124042362       -0.1306948253180013
        0.0942524717120545        0.0997478428788042       -0.1189315680072254
        0.1193332910075314        0.1029938731378366       -0.1230927608480144
       -0.1034523199582233        0.1203528815091879       -0.1217078527676055
       -0.0796231116349762        0.1140310602250337       -0.1174427251614916
       -0.0571761938151306        0.1275031590345483       -0.1163492447678901
       -0.0379348405819236        0.1251784170258802       -0.1255973651958705
       -0.0160402432260600        0.1369580747238716       -0.1192352930299320
       -0.0015513858017314        0.1086893442084496       -0.1202708953718184
        0.0368144844025420        0.1233219062235924       -0.1248802565900663
        0.0560237988033666        0.1154454017044277       -0.1292024907094268
        0.0736532047923675        0.1158280757900630       -0.1165398154378964
        0.0903990986931004        0.1163715615901707       -0.1036683232397299
        0.1052781745306013        0.1200868884662084       -0.1203978620258921
       -0.0873539408970092        0.1350203261174511       -0.1189066883673866
       -0.0695599604062260        0.1336623386361872       -0.1315134638089716
       -0.0494692770792508        0.1481641830335503       -0.1249006225554629
       -0.0294862569259188        0.1447304733187006       -0.1348467677294694
        0.0201881807170381        0.1364931947428968       -0.1180084226766502
        0.0352307390554058        0.1483937742460494       -0.1293757426991898
        0.0588041521475205        0.1503667355481525       -0.1180335398466271
        0.0711308019433229        0.1358412943603265       -0.1284038619863771
        0.0879442668630714        0.1365435210939213       -0.1167119222183391
       -0.0267919375120541        0.1596574097684764       -0.1174380840596367
       -0.0065542346222630        0.1527594752390842       -0.1289247250977921
        0.0155362988050757        0.1586660281002558       -0.1207630530172170
       -0.0711663794384064       -0.1489106590942542       -0.1129644282044106
       -0.0528096967685264       -0.1607977403388713       -0.1065608867838790
       -0.0330805524971625       -0.1703504283285168       -0.0994304210742075
       -0.0109910494388825       -0.1651618773017705       -0.1122530671376821
        0.0112478033374484       -0.1697356740012653       -0.1051821651761131
        0.0325078842618620       -0.1727517503213199       -0.0953942883384928
        0.0516783084695741       -0.1626651246849357       -0.1042564608213786
       -0.1047308964035964       -0.1355133018871365       -0.1032839985687777
       -0.0881210532089482       -0.1504977440344766       -0.0979035699108126
       -0.0631099877378207       -0.1280115940804909       -0.1123386697769468
       -0.0431819568749571       -0.1398364503338235       -0.1059840457569440
       -0.0227766288853851       -0.1526387428074630       -0.0995249029217631
        0.0010861557311841       -0.1479308839980595       -0.1068971152802962
        0.0231347569231786       -0.1521066363862273       -0.0958878143672373
        0.0426584233807830       -0.1424884908163017       -0.1033092467115083
        0.0692002416182416       -0.1504314171950981       -0.1121682453762904
        0.0857549165420277       -0.1522868785605035       -0.0972358006438166
        0.1029771224698619       -0.1374834139759458       -0.1024403392463384
       -0.1204974902259314       -0.1188382494533159       -0.1065730985045463
       -0.0961415214885209       -0.1142564203787174       -0.1032159617827358
       -0.0802923975813563       -0.1295239212539878       -0.0982231172385255
       -0.0526808284644700       -0.1219206874960788       -0.0922628406330059
       -0.0322364597918907       -0.1198195268815632       -0.1026018233576961
       -0.0134516836858711       -0.1354321666142309       -0.1040211571348007
        0.0072913242437082       -0.1215168751643355       -0.1063118945667651
        0.0299451909086242       -0.1262928443517493       -0.1012050911296650
        0.0431294715943082       -0.1120551201298355       -0.0946919691865663
        0.0686118845758973       -0.1147090564532708       -0.0935396626868985
        0.0809058285984504       -0.1305707944768101       -0.0958849251178622
        0.0940633301792629       -0.1154516317531801       -0.1021384042453126
        0.1189606620083885       -0.1229552682613905       -0.1035874651270812
       -0.1364182166415594       -0.1011541255486671       -0.1056310231119705
       -0.1147443695182326       -0.0965831626486548       -0.1025356033227658
       -0.0914660285616459       -0.0932131386369786       -0.0995479546640580
       -0.0712870033162354       -0.1090328633787415       -0.0973549595147420
       -0.0734989659871367       -0.0912391538370622       -0.1129941022055135
       -0.0568804988569550       -0.0894198171249954       -0.0983754573149919
       -0.0168018866254789       -0.1023551749996922       -0.1054597617409883
        0.0016464548532763       -0.1038277695352869       -0.0936673718537386
        0.0220240295478264       -0.1027564479245341       -0.1030346981167070
        0.0386112638313550       -0.0877698179583101       -0.1048067791837044
        0.0576390624860930       -0.0981065903011392       -0.0989912115282204
        0.0801519081612904       -0.0976980313838864       -0.1067355775616012
        0.0941472902783899       -0.0949442067665339       -0.0913947119163652
        0.1159749879114164       -0.0890595344271004       -0.1002109627877754
        0.1363715687249355       -0.1043874815436924       -0.1024990191479602
       -0.1506096304817735       -0.0798134165318953       -0.1046257986014388
       -0.1293473310299635       -0.0798603109171114       -0.0979964326801885
       -0.1064987765223180       -0.0757911146870717       -0.0981802841172265
       -0.0767654235102992       -0.0736046340870706       -0.0988978168647547
       -0.0569848669805130       -0.0712750815751317       -0.1103895117620719
       -0.0387977119083158       -0.0714234432407180       -0.0955434195864216
       -0.0188551410124687       -0.0864282967360032       -0.0937177999825373
        0.0023677029964815       -0.0854621707613338       -0.1058832664644475
        0.0180682112858448       -0.0851694362708496       -0.0901900589500363
        0.0364433420329420       -0.0709780166500739       -0.0899045888786763
        0.0738439503332641       -0.0798745243262702       -0.0982903185282575
        0.0862942564102885       -0.0739510915010158       -0.0812531156707891
        0.0957397638472392       -0.0769182156501235       -0.1044177482499012
        0.1325608317030456       -0.0773749036741851       -0.0986081711645320
        0.1512733941743927       -0.0874522450897750       -0.0973060381889231
       -0.1624201804204515       -0.0565527488727852       -0.1020856091696616
       -0.1424241992385382       -0.0604975236055874       -0.0945852013839046
       -0.1185545594597926       -0.0572363177776666       -0.0927248199682008
       -0.0944397705898428       -0.0570125607198809       -0.0961016511720986
       -0.0760647443409295       -0.0544348445811957       -0.1093407027000054
       -0.0590202463448944       -0.0545562833529248       -0.0936462719118542
       -0.0396548437221231       -0.0529339742989339       -0.1043104760729795
       -0.0186536395136944       -0.0694650432535602       -0.1061998750469237
        0.0009428448119523       -0.0609219272684055       -0.1126530356780647
        0.0201659895083957       -0.0706403066624771       -0.1064499879262432
        0.0379199323649561       -0.0532452820383293       -0.1036651589082084
        0.0554454513373756       -0.0565083059409865       -0.0920588089587798
        0.0752643587115662       -0.0584755332028458       -0.1062614517694704
        0.0947210932588885       -0.0573046939354129       -0.0941127045874957
        0.1164035931974645       -0.0643987007631668       -0.0948683823195690
        0.1304089755383643       -0.0574609146710682       -0.1125300466672561
        0.1500357142387396       -0.0698720666078635       -0.1122816939102551
       -0.1695343650082467       -0.0305923285574114       -0.1015982701589323
       -0.1394417883121928       -0.0420425328986993       -0.1094424131498610
       -0.1171639458298498       -0.0370542490453054       -0.1041247791747842
       -0.0929291604520737       -0.0364331681868072       -0.1094755765221438
       -0.0784683564876882       -0.0377374477047675       -0.0935760918568785
       -0.0587748921704752       -0.0356042115742420       -0.1023969042943618
       -0.0403186358390328       -0.0344574603035425       -0.1136899982379350
       -0.0217812474700644       -0.0525846630283218       -0.0933512113307129
       -0.0008983819365696       -0.0437308421677729       -0.1008825964907082
        0.0187924803248679       -0.0510032220036869       -0.0921651681284738
        0.0408057137076874       -0.0338297296317050       -0.1131790978984453
        0.0594867112436005       -0.0377017978855739       -0.1015839619963857
        0.0774673095142092       -0.0409601641761771       -0.0919821526262967
        0.0946475862241967       -0.0373289012211862       -0.1079198902127967
        0.1190940593199863       -0.0289560350292424       -0.1059720589697581
        0.1414070457477065       -0.0383990073077076       -0.1068097211477490
        0.1616128610330877       -0.0506480766388007       -0.1063769501031095
       -0.1721820168251096       -0.0082713622238837       -0.1014146815961201
       -0.1489614022511793       -0.0202849879649025       -0.1036284744739489
       -0.1276655412030910       -0.0193851743678987       -0.1013461542651725
       -0.1023840762524207       -0.0176677298597972       -0.1016499878657554
       -0.0793767592716118       -0.0172630236261345       -0.1049491779512512
       -0.0590276587766471       -0.0168098422451825       -0.1120355313600183
       -0.0420499500696471       -0.0165362240015750       -0.0978556421290876
       -0.0235977617461010       -0.0319730742394569       -0.1026305051250025
       -0.0007012003090385       -0.0231404902317010       -0.1052933335974215
        0.0231454440521816       -0.0318358559382605       -0.1002007292089709
        0.0413557508370438       -0.0164006464991094       -0.0972855552145922
        0.0613229157675901       -0.0181756562695878       -0.1082689358489776
        0.0823486516359558       -0.0204015291111576       -0.0984705085962806
        0.1020620024090364       -0.0158372130769393       -0.1024406342569048
        0.1402216299755802       -0.0177753980023828       -0.1138457773409436
        0.1533004844855850       -0.0171133090954185       -0.0967050845162275
        0.1713667080101841       -0.0301208921615399       -0.0986214137955782
       -0.1651684770321496        0.0134934842900707       -0.1119700856660070
       -0.1501071765759340        0.0036868636830549       -0.1044284098841720
       -0.1189220383279785        0.0010513218470629       -0.0990817905771763
       -0.0962946185451000        0.0031746512339685       -0.1083109576053915
       -0.0759498081254479        0.0013773455545564       -0.1164512510044861
       -0.0495081622067722       -0.0000617353668091       -0.1202377111272683
       -0.0363535148912215        0.0060429457773185       -0.1016033978745416
       -0.0196951568080668       -0.0100021577761156       -0.1045410722269178
       -0.0007733013734784        0.0025077298770195       -0.1087504558879838
        0.0166067858564515       -0.0119567979698580       -0.1050488446745758
        0.0306561634162157        0.0028040062715858       -0.1059848780927532
        0.0504081788477462        0.0013060652308826       -0.1145521964584007
        0.0709350236430817        0.0007707913701730       -0.1002555202443606
        0.1048326410927341        0.0033269336649053       -0.0933965922777679
        0.1249910160537672       -0.0066742702406988       -0.1031927598787814
        0.1471083064521382        0.0033830368030776       -0.1067316333222203
        0.1660747860202941       -0.0080394133250491       -0.1111509482565663
       -0.1700440634423690        0.0352503292902465       -0.0992090257001558
       -0.1512684364939679        0.0239871517952122       -0.0970513359691999
       -0.1299552026745375        0.0202872939068655       -0.1003265608195335
       -0.1046626069799563        0.0209673306383924       -0.1025167173664997
       -0.0804519169612659        0.0186294482007926       -0.1004111139233174
       -0.0587610701497970        0.0178019643419324       -0.1105997935685672
       -0.0483823710331805        0.0243410749358880       -0.0917372347542883
       -0.0257806072072106        0.0284507536737445       -0.0983891103529903
        0.0119420298157171        0.0092720907111402       -0.0930285103904306
        0.0180377043204154        0.0292365163203385       -0.0984770097053498
        0.0369425238664326        0.0206419487941545       -0.1011698956941316
        0.0605602653557281        0.0190568513070994       -0.1076901963852679
        0.0865999978345647        0.0191987971709866       -0.0968864908082383
        0.1044566208048209        0.0207482722330159       -0.1099152792925855
        0.1263030695672482        0.0150781405623237       -0.1014951117566623
        0.1493268790487251        0.0223572081563354       -0.0953853890349961
        0.1710787070190939        0.0130971339658153       -0.1027644934286872
       -0.1606310267977251        0.0540946683336172       -0.1061670386602944
       -0.1404602310039281        0.0420495315286637       -0.1065720645809136
       -0.1164317070918148        0.0402951998433896       -0.1078841422546941
       -0.1079242151260783        0.0400182198703972       -0.0881533978808814
       -0.0920334812181613        0.0395571753322554       -0.1022443446314746
       -0.0673592489521794        0.0363127273181859       -0.1026017301042064
       -0.0448214740103136        0.0386785353247522       -0.1091912256858556
       -0.0250103479447909        0.0522309829486978       -0.1076943784955107
       -0.0099643355435044        0.0437902993186062       -0.0906885559726340
        0.0102051313840101        0.0485779027240774       -0.0973546777165253
        0.0289998918821746        0.0412271446888701       -0.1149277322733300
        0.0493669815666225        0.0399851606880588       -0.1090992747053622
        0.0708167619476559        0.0344809543964646       -0.0994423534342835
        0.0886242298574312        0.0378616749997331       -0.1131551358313101
        0.1188407055041704        0.0390692860508221       -0.1059702613945647
        0.1383915881041585        0.0245425315687522       -0.1150869383326306
        0.1723849428049152        0.0337659532301290       -0.0956205621049004
       -0.1494536341845138        0.0733162958940233       -0.1108527492464468
       -0.1292725443510484        0.0611348734648537       -0.1106332948047609
       -0.1234016843508752        0.0579384733955462       -0.0911628776420225
       -0.1044702556548869        0.0601522745272192       -0.1014902236869818
       -0.0788940445439195        0.0588568225924948       -0.1010854419165781
       -0.0576502528228598        0.0493496020130752       -0.0925370197442831
       -0.0423704226034427        0.0612114780191770       -0.1019062730627246
       -0.0223287400802208        0.0766672534019663       -0.1122216212508469
       -0.0050940914579123        0.0496611843890904       -0.1147470829825907
        0.0165836380228009        0.0617522653656101       -0.1109796163922522
        0.0385215218682366        0.0616727159543104       -0.1049984299236569
        0.0576468788317567        0.0510633665141658       -0.0926111617501475
        0.0779631834922049        0.0555462578490743       -0.1033765627102541
        0.1022123456466883        0.0599076672416375       -0.1073909693702490
        0.1175191594115416        0.0589509074645190       -0.0922160150817672
        0.1411679417612209        0.0437491821833946       -0.1072834307569888
        0.1616555492068865        0.0543592968740605       -0.1044631526514088
       -0.1509710125471460        0.0911849883515863       -0.0943029758896084
       -0.1310858905053819        0.0801095065997260       -0.0956646198509913
       -0.1085368408315436        0.0760405081316471       -0.0902948662765101
       -0.0825195269759752        0.0773921461118064       -0.0900353900960363
       -0.0700645020432173        0.0782067720232095       -0.1108569180150986
       -0.0472984957768808        0.0844653100871265       -0.1089252804434495
       -0.0247827240592521        0.0964552704717576       -0.1046827855409630
        0.0084054366960966        0.0824879160757435       -0.0946993181926639
        0.0163520945160897        0.0990353123830259       -0.1033139784377829
        0.0351421689202561        0.0837929958930783       -0.0954644070005831
        0.0602927713324928        0.0729473596821172       -0.0992982872353437
        0.0839413540102486        0.0740210981188227       -0.0969793250294280
        0.0928401342457934        0.0804625208647318       -0.1130032910009019
        0.1274028309940131        0.0806264429551907       -0.1000536106542534
        0.1486940769805424        0.0894766026062221       -0.0994183536431677
       -0.1367828341686768        0.1071357981245282       -0.0990574430875271
       -0.1172074772679611        0.0986609755991753       -0.0988678312336248
       -0.1000490482304678        0.0927561934767463       -0.0948789783861169
       -0.0805680089454559        0.0978674038927262       -0.1041526262221641
       -0.0644816652505616        0.0932342926461621       -0.0923382216009519
       -0.0438702487118104        0.1014654049924158       -0.0935533687301293
       -0.0205720489753084        0.1172145113493501       -0.1114517750436059
       -0.0049568416943378        0.1048447867288674       -0.0968468182479125
        0.0199860969372440        0.1158594487322970       -0.1125229681190818
        0.0358706684931166        0.1073096617704219       -0.0933487690762456
        0.0535413249686442        0.0957182079690549       -0.0972923687115571
        0.0739110330683346        0.0942195856834148       -0.1071307509290522
        0.0910086447200140        0.0967536867543382       -0.0929911608901842
        0.1099204580207818        0.0995148071663381       -0.1040541054386545
        0.1346981947986698        0.1040119403442050       -0.1050614706730399
       -0.1202412282065495        0.1216588633813857       -0.1036396064356776
       -0.0964410908238907        0.1146884286277650       -0.1006851383435750
       -0.0765840688568372        0.1298104233633033       -0.1018673211028450
       -0.0610973118962384        0.1131685458142284       -0.1016061373289555
       -0.0400271920519908        0.1223480319601405       -0.0993792327461165
       -0.0170829490888840        0.1337265587196131       -0.0967671397391781
        0.0018418233540283        0.1242754643392120       -0.1042366203810652
        0.0297995347844972        0.1284473112864908       -0.0983943172199351
        0.0515660836313400        0.1159720242291327       -0.1075011545384049
        0.0706414086857641        0.1117390101742548       -0.0931318377141854
        0.0840539650395258        0.1332839488697222       -0.0903330790942342
        0.1058730543721826        0.1168066752678467       -0.0887755483229595
        0.1201054843268037        0.1206699467341459       -0.1049449217109636
       -0.1036630555298819        0.1361302408938625       -0.1035496424026546
       -0.0871727345299141        0.1500266933545233       -0.0994630868516988
       -0.0555168706781464        0.1410356118494857       -0.0997938016687605
       -0.0351105566451861        0.1397239645567082       -0.1104882916076110
       -0.0139552784119649        0.1545647053791686       -0.0958859051050752
        0.0020977597101629        0.1458288544348862       -0.1088976885717516
        0.0242014563501549        0.1499569992946688       -0.1002619868799241
        0.0447945468879944        0.1377744557890637       -0.1113247466468480
        0.0664450072435031        0.1337159535068515       -0.1036464401224356
        0.0795451174597589        0.1514775384961783       -0.1035718573051509
        0.1030858797554808        0.1371608397003124       -0.1027628603124712
       -0.0690590251444527        0.1493600459962904       -0.1136768565490323
       -0.0483005407106943        0.1620374494833721       -0.1068219207417442
       -0.0265667022490131        0.1722263532871365       -0.0981442487730026
       -0.0049269324635703        0.1666973675314628       -0.1103979754867276
        0.0170099967327378        0.1711369648520242       -0.1020921117155748
        0.0380603203829152        0.1613121831960899       -0.1119365516139956
        0.0590734262446338        0.1625091917953305       -0.1005041934739758
       -0.0514688008350285       -0.1735590314560722       -0.0850189694306181
       -0.0311618818698391       -0.1814654001952795       -0.0780976674375038
       -0.0117100174643990       -0.1760434546007154       -0.0941890523871987
        0.0120917160845663       -0.1803136457049232       -0.0856783497125748
        0.0502590357269585       -0.1751918237814008       -0.0823520141347535
       -0.0865965980346321       -0.1636723107385930       -0.0755804463352637
       -0.0705191559259643       -0.1631012652563672       -0.0917879397850863
       -0.0434051300285220       -0.1536604388228651       -0.0868748038676711
       -0.0237401938637558       -0.1634643234977437       -0.0788779620523224
       -0.0003644467615160       -0.1613474854517955       -0.0883964356590651
        0.0284449727496598       -0.1643465141954310       -0.0759200438450666
        0.0455551878542778       -0.1529741315199859       -0.0841162524184214
        0.0682780272997597       -0.1646956305300965       -0.0906281428025611
        0.0873122503023264       -0.1629650387459165       -0.0762821544433057
       -0.1200935638657133       -0.1342646680509719       -0.0868938136339140
       -0.1038524646689754       -0.1500540306680397       -0.0818440801969979
       -0.0803389050138143       -0.1424722567083723       -0.0771362193703417
       -0.0627031627038617       -0.1423940515129154       -0.0928903931999373
       -0.0311488144227770       -0.1350361834503899       -0.0869640041607781
       -0.0101979783023933       -0.1447779263791551       -0.0826664357691055
        0.0096119833922736       -0.1366936242041719       -0.0923663706302171
        0.0284814630400679       -0.1372331572197483       -0.0786954778246249
        0.0497087794562827       -0.1273558354200318       -0.0852678316234422
        0.0640177282553842       -0.1418327200498694       -0.0912986655070591
        0.0860839769711434       -0.1388515355965152       -0.0774084580607690
        0.1043006995484036       -0.1489678914811041       -0.0832462095386324
        0.1205805646990373       -0.1352666599544823       -0.0846360332109219
       -0.1356328592293445       -0.1173068000086494       -0.0885598225157997
       -0.1110332857133034       -0.1128597876312541       -0.0881003169439326
       -0.0965658833357283       -0.1295466833340054       -0.0823404825452300
       -0.0872594664212528       -0.1113575608649947       -0.0816848382060906
       -0.0685982317132506       -0.1235373064553524       -0.0782927944668034
       -0.0390526694574864       -0.1172184310712571       -0.0770972919982235
       -0.0104214176835068       -0.1218014805403455       -0.0910338516939189
        0.0054792165969753       -0.1296899869552196       -0.0736037522831462
        0.0192452993706068       -0.1154174198235197       -0.0849060832558516
        0.0358096193229871       -0.1171037812231444       -0.0712654771941738
        0.0690207749707233       -0.1246295889221686       -0.0728925553459435
        0.0872942980646302       -0.1127931416043407       -0.0784047623372897
        0.1026063816135489       -0.1236354422089939       -0.0822951072938178
        0.1140805949304343       -0.1092014232586911       -0.0947099864164065
        0.1357951751057675       -0.1194838319448194       -0.0853421603577586
       -0.1506074800605892       -0.0960043682929319       -0.0900030457413727
       -0.1287070492691911       -0.0976627014900102       -0.0812712434918798
       -0.1047817348776070       -0.0946019150783693       -0.0814439196495245
       -0.0777991927402663       -0.0918410509340045       -0.0854882824290057
       -0.0576535179221173       -0.0997949418429086       -0.0790670719905178
       -0.0391357488184429       -0.1015755433520155       -0.0939510532980872
       -0.0219241265498577       -0.1057847991200820       -0.0822945033892376
       -0.0027185835143124       -0.1102274287199836       -0.0723438620064987
        0.0169869829410982       -0.0980108264943609       -0.0726084856679615
        0.0367352023379245       -0.0956426868111072       -0.0832935201974900
        0.0562737980258399       -0.1034444236925651       -0.0749257982258596
        0.0747132110981912       -0.0958456905159701       -0.0819382805784329
        0.1088492671015239       -0.0993777839202636       -0.0773590838096962
        0.1305842132979221       -0.0966968077210437       -0.0841618001621116
        0.1511958190054982       -0.1027270992384245       -0.0811601343053382
       -0.1638509700038301       -0.0734291422491703       -0.0880966554393745
       -0.1426160231455300       -0.0777693172289615       -0.0793305526578449
       -0.1178130979796825       -0.0759745588199904       -0.0785246457250627
       -0.0930630486380798       -0.0749721554228368       -0.0809576722883178
       -0.0730443290308787       -0.0797634328132170       -0.0700210436293594
       -0.0595491652419819       -0.0746547676299256       -0.0852004022872317
       -0.0501650848834755       -0.0767764859711254       -0.0655277336197577
       -0.0377835251417507       -0.0844748545743339       -0.0802825142387090
       -0.0027694644601938       -0.0888079722113301       -0.0808068843855453
        0.0279871825805301       -0.0777131367073892       -0.0689475361070329
        0.0468521277227746       -0.0797496160465127       -0.0676902220456819
        0.0555283038696923       -0.0805946754794813       -0.0858744137531261
        0.0718494234964734       -0.0621256212177201       -0.0834802385014427
        0.1044789573121961       -0.0770737276795886       -0.0814227673264819
        0.1221129363318693       -0.0792896636571265       -0.0763286890415610
        0.1442149322674300       -0.0781882833635275       -0.0785974372722944
        0.1647103332285739       -0.0844446679132318       -0.0757601755160018
       -0.1739792008912663       -0.0502155829313435       -0.0849095571931779
       -0.1541787794526904       -0.0570395054137743       -0.0750306132359843
       -0.1304145981671688       -0.0579884224627232       -0.0743902662129388
       -0.1040485285202112       -0.0553116778430476       -0.0736202333156896
       -0.0791223206262307       -0.0579557271932249       -0.0825898914095014
       -0.0636401211816089       -0.0573280337280463       -0.0699376989192500
       -0.0417807498611838       -0.0588142597201404       -0.0787919379429275
       -0.0186371097004614       -0.0696149079377444       -0.0799632080503841
       -0.0005175843293918       -0.0683023061673472       -0.0923663254359485
        0.0143411579324851       -0.0657650933952762       -0.0790109045255269
        0.0349109536404154       -0.0543289375765088       -0.0772037910882412
        0.0541177471789043       -0.0604941129160272       -0.0698679361365030
        0.0883649584889145       -0.0495480073746286       -0.0738284865740425
        0.1089132718235443       -0.0564384555268617       -0.0742838787257160
        0.1311245224691732       -0.0588545271002449       -0.0749364161317794
        0.1424548855901242       -0.0586359557429381       -0.0932923696374580
        0.1636994047242718       -0.0686972505537310       -0.0921042488173123
       -0.1798493445003837       -0.0281915645164135       -0.0828217904785068
       -0.1545038493485005       -0.0385978802323826       -0.0888601350282997
       -0.1356470306669339       -0.0392818748924118       -0.0901059348811711
       -0.1205865376944337       -0.0382867766704319       -0.0787451142084113
       -0.1010300301823660       -0.0386675789580122       -0.0885468227053835
       -0.0843188304740208       -0.0403783726791462       -0.0706100444285515
       -0.0636016286227271       -0.0369073512649877       -0.0775504677045243
       -0.0408441434311779       -0.0366739414498825       -0.0875218235111084
       -0.0246690794222847       -0.0466135512176663       -0.0734452906313562
       -0.0032303342313389       -0.0500142117064711       -0.0817033523340019
        0.0142973702810409       -0.0454626474177423       -0.0679912910958060
        0.0449850226335571       -0.0359792397533604       -0.0876928459926391
        0.0640699635633241       -0.0408483962804459       -0.0741934337600098
        0.0833212790711896       -0.0269982079960257       -0.0760001065057271
        0.1026956942431977       -0.0367689679644855       -0.0882656603766108
        0.1212538333874214       -0.0352695927956128       -0.0717307097422232
        0.1247940127738900       -0.0440372463310680       -0.0909799758411556
        0.1540444064310570       -0.0408812301125269       -0.0883165053435271
        0.1739512653106687       -0.0496790645240919       -0.0852815798016311
       -0.1827404766149104       -0.0066799869298544       -0.0810018269183403
       -0.1590216827209356       -0.0164835449442230       -0.0836234453484187
       -0.1387587676485264       -0.0198084734136137       -0.0802979793271341
       -0.1145998779966112       -0.0188077425474789       -0.0848650714594844
       -0.0894611546768344       -0.0199391171324439       -0.0829230295470854
       -0.0648677810063152       -0.0182693824609909       -0.0880203369314620
       -0.0483981167245701       -0.0188642017418942       -0.0750086730013586
       -0.0278033876051748       -0.0246344060519464       -0.0692817856545831
       -0.0158567359066440       -0.0287271301878780       -0.0867596755088071
        0.0071934520236653       -0.0293186141635516       -0.0844874428266581
        0.0285894606676590       -0.0319012910815446       -0.0769223360027741
        0.0439548419971672       -0.0147322563818633       -0.0748095856133285
        0.0638431192459829       -0.0192355704387509       -0.0854517683076049
        0.0798580505892934       -0.0116511362752211       -0.0643666891905775
        0.1002119283964748       -0.0159313047676578       -0.0789343410454265
        0.1182093866859543       -0.0185460876800879       -0.0853460823690877
        0.1368986327493808       -0.0241263965963908       -0.0899613453661027
        0.1604102172021129       -0.0215318929718602       -0.0777268445437331
        0.1771505005577952       -0.0092120903131169       -0.0923733596759348
       -0.1757896934569325        0.0146790502749327       -0.0942470645518118
       -0.1611259596596695        0.0046451920378771       -0.0841975740432875
       -0.1385536870307328       -0.0009653615268197       -0.0907149600950549
       -0.1236172809346568        0.0003289252607505       -0.0739430639506519
       -0.1030508449207753        0.0012351516805500       -0.0854646252829912
       -0.0821829508758093       -0.0011089226430574       -0.0912184918772783
       -0.0608516945564616        0.0008752691996375       -0.0991472444926172
       -0.0480918386493907        0.0012893920960492       -0.0833112811446360
       -0.0264184336592763       -0.0075755115311738       -0.0836301465528587
       -0.0019590537684268       -0.0085344346929347       -0.0881604603928155
        0.0220218718164732       -0.0117008837481867       -0.0850748048594954
        0.0338607967464808        0.0041984796107871       -0.0836330297576404
        0.0523447773618591        0.0026977951587200       -0.0917527722854315
        0.0838326977833956       -0.0017258583533927       -0.0847791139300027
        0.1200123531678395        0.0018892729307562       -0.0794080023921992
        0.1314414055456068        0.0055071791821878       -0.0626571162748768
        0.1397643826252500        0.0005674667365680       -0.0861581738476570
        0.1618013535446342        0.0018882495149596       -0.0859426815351500
        0.1821195022540566        0.0134466430854367       -0.0815577997556990
       -0.1804611793040348        0.0349764062085348       -0.0788061785049161
       -0.1617937023037171        0.0251286846853316       -0.0760873011739562
       -0.1400185736188000        0.0186268307230727       -0.0780218135264011
       -0.1172435298395494        0.0197342183517353       -0.0825921438634300
       -0.0929042786005206        0.0211319058887537       -0.0842685608503887
       -0.0754462007442416        0.0243454083368393       -0.0691668257118516
       -0.0671886449413465        0.0183289197974415       -0.0860858742146769
       -0.0328728414803245        0.0173866129178905       -0.0782060278855717
       -0.0142006665482948        0.0105883277180536       -0.0916759879845131
        0.0006729339371677        0.0240556226231348       -0.0813246044154717
        0.0269324111561530        0.0226813489087376       -0.0789407569430882
        0.0472971310284330        0.0167933468737319       -0.0713836394972643
        0.0494061986209381        0.0276438072848638       -0.0890916108573526
        0.0695439808230438        0.0181996585847222       -0.0826720535685694
        0.0939602497403133        0.0220131919119076       -0.0778922619084482
        0.1116455963809704        0.0228113923972448       -0.0889078716822209
        0.1317817234535557        0.0231424145600877       -0.0787024935918314
        0.1640177613829231        0.0243617619676624       -0.0795963248292964
        0.1818989465439817        0.0360928468162361       -0.0749004650643845
       -0.1725868082842202        0.0547721464722098       -0.0849341250146150
       -0.1529062292344179        0.0436536129536320       -0.0849141434999145
       -0.1319839736427887        0.0383957645862533       -0.0872428206291472
       -0.1201542966930156        0.0368741605011452       -0.0686364134015235
       -0.0964917180787569        0.0369483920610172       -0.0702245979064851
       -0.0790791764633687        0.0401829503666249       -0.0847388953540573
       -0.0582507153155312        0.0387513751954010       -0.0757738072636288
       -0.0354923291401469        0.0425686595931113       -0.0871899259288221
       -0.0216809634811738        0.0522530061238380       -0.0729142282765125
       -0.0016684691814949        0.0629014362367483       -0.0794610681382834
        0.0129377435251676        0.0410808516056556       -0.0795414256382484
        0.0329975593989843        0.0445561550331672       -0.0924151914008405
        0.0610544948571612        0.0382478317223089       -0.0755960079163194
        0.0812537929243361        0.0411698525753061       -0.0829526802266476
        0.0980134144749608        0.0405980200437885       -0.0961379011333933
        0.1125827287805875        0.0412104031183471       -0.0804951272321838
        0.1323630415375274        0.0390503615708678       -0.0890141620055341
        0.1539357300243907        0.0441514713906130       -0.0867243040614287
        0.1737678986359972        0.0537768560209700       -0.0831430524436362
       -0.1629761556103340        0.0732331881101293       -0.0898647475377097
       -0.1445542155941212        0.0615765480034807       -0.0919631518992705
       -0.1343318405137083        0.0561502451225297       -0.0718794623021290
       -0.1102285318406336        0.0576702418725802       -0.0740527636965298
       -0.0911239357256317        0.0571759096502905       -0.0820609360509464
       -0.0691943900057797        0.0612562791738273       -0.0767256364065340
       -0.0449707089221696        0.0612982829147965       -0.0769072375906356
       -0.0229470537725762        0.0632821669563948       -0.0906536064088027
       -0.0042202610758232        0.0659451449266842       -0.1023780441789141
        0.0198255025026745        0.0682294119139082       -0.0912179586309360
        0.0426710197030745        0.0634054805671565       -0.0847832792188750
        0.0727268146244426        0.0630239984001008       -0.0806129794211970
        0.0952773403310623        0.0591257303866311       -0.0838272786519150
        0.1108858668302059        0.0614387140563298       -0.0677854640709765
        0.1320375342026879        0.0572106541465410       -0.0746896881657023
        0.1403358976995472        0.0626968582481791       -0.0950200432782631
        0.1612475306608137        0.0727188490994541       -0.0933338247411529
       -0.1636093339719984        0.0894182302356510       -0.0723627386298128
       -0.1433831197956269        0.0796656169802142       -0.0760777011514842
       -0.1221204605666649        0.0767162486809254       -0.0731732784671829
       -0.0959004007566899        0.0777102902394515       -0.0740921845970507
       -0.0709062337575004        0.0854746174258508       -0.0717750025146550
       -0.0595482001774860        0.0724757603267619       -0.0919309790586734
       -0.0362848135499398        0.0795076109872371       -0.0924614902566985
       -0.0270428057369730        0.0739254833593428       -0.0720863304457185
       -0.0114580096814242        0.0825186834257577       -0.0892856534001108
        0.0311808271851111        0.0744814714800836       -0.0716208823477067
        0.0544331917445400        0.0808884448750255       -0.0778492823454107
        0.0714186977001502        0.0870277898805192       -0.0851975521700123
        0.0924039514055249        0.0787210352979326       -0.0741436494200976
        0.1060725728398545        0.0797248146340869       -0.0933860386033267
        0.1181573323609613        0.0780802083429418       -0.0776374095707891
        0.1409262353234606        0.0815543862757450       -0.0803521257589147
        0.1610631496136286        0.0901056191673860       -0.0770690549437110
       -0.1498879701776862        0.1075628619866927       -0.0772258190658821
       -0.1297309589748562        0.0976968296341359       -0.0803040435698913
       -0.1091944788916652        0.0961633431751174       -0.0734074675606312
       -0.0869495388018910        0.0993585971416345       -0.0810850188673131
       -0.0601905467159310        0.1071825239479724       -0.0758407980971882
       -0.0479501912699969        0.0859106008554094       -0.0756766647180391
       -0.0242903600285893        0.0953238957099607       -0.0818508773178690
       -0.0004841710860012        0.1002228720972093       -0.0776888891427817
        0.0206742161738433        0.0928737502584593       -0.0807142388900081
        0.0410463667575077        0.0948749024071200       -0.0738528577264999
        0.0572699460771033        0.1067505073866889       -0.0772281788946464
        0.0779524374269870        0.0961595308953576       -0.0724415131641006
        0.1045349694100515        0.0980458834182655       -0.0751331990652221
        0.1241295166233286        0.0992998673209508       -0.0880578352815663
        0.1480364958455260        0.1060335349877120       -0.0827168988758981
       -0.1343980612990493        0.1230622473990667       -0.0824187138069985
       -0.1106159011996555        0.1142377473953219       -0.0838743823788974
       -0.0933472093316178        0.1304733473283772       -0.0843291134455029
       -0.0774296434275029        0.1153960430792662       -0.0861794385102058
       -0.0576598730793179        0.1275250568680342       -0.0831660753047534
       -0.0403137470425492        0.1113366931462309       -0.0753115637587702
       -0.0225660812962325        0.1152910371484104       -0.0875787277562404
       -0.0048517622440960        0.1231346754669633       -0.0788511346159667
        0.0152033167385306        0.1160503483987804       -0.0873880511097710
        0.0364276674980710        0.1184936294252764       -0.0751995532089234
        0.0674073574970894        0.1269997881539815       -0.0758508675793726
        0.0865680815163487        0.1148667879233262       -0.0773256277715212
        0.1008524614753470        0.1333467452878392       -0.0733976086989696
        0.1194394191179800        0.1168088923593330       -0.0714793203858480
        0.1332712626474061        0.1210370666718141       -0.0871137134557744
       -0.1189227277583238        0.1361793769792789       -0.0855135201157827
       -0.1041514217452235        0.1492875755109340       -0.0828595265214226
       -0.0738748696630789        0.1417153059851488       -0.0835762117874174
       -0.0535559447776624        0.1525405081334283       -0.0809751066150030
       -0.0371791331632394        0.1348315812500806       -0.0821033583046300
       -0.0160096604495820        0.1431675112965777       -0.0774405068403924
        0.0067087863699408        0.1384605831201908       -0.0890943693596067
        0.0267426774490657        0.1388284513825865       -0.0790278794929193
        0.0504947185606903        0.1272798043773191       -0.0888486699061075
        0.0637056381524634        0.1476401145637148       -0.0835059153975135
        0.0817475638879351        0.1465354720601358       -0.0700166038017324
        0.0973952136082525        0.1516442761215587       -0.0867074731600522
        0.1173776186266503        0.1369091751857183       -0.0864775832323137
       -0.0875819587522173        0.1613709189146236       -0.0793021249537322
       -0.0682537113386804        0.1625211167646965       -0.0944897747115465
       -0.0346886870414167        0.1514510481520055       -0.0944290645095204
       -0.0315902503797141        0.1606874362874127       -0.0769045243306715
        0.0059115403599615        0.1595458520557172       -0.0880278437453202
        0.0255952678134128        0.1608272035611275       -0.0789176279947311
        0.0440060039606858        0.1493022432786686       -0.0915573759792569
        0.0577347909134900        0.1735110377915341       -0.0809976153022723
        0.0779006930931208        0.1635845279018503       -0.0846852068557293
       -0.0471520192383421        0.1737432593082230       -0.0871204163238004
       -0.0249671328123053        0.1824931857915450       -0.0779286818194732
       -0.0051042065722368        0.1780415616780514       -0.0909678482356385
        0.0161772822116745        0.1815522646663841       -0.0823229659873535
        0.0380370822366098        0.1730479784743861       -0.0927770311650076
       -0.0676133086075572       -0.1750962756761250       -0.0690632661436597
       -0.0473521270596584       -0.1840981579792421       -0.0621743059276467
       -0.0220865523907085       -0.1898616854518025       -0.0588619114785389
       -0.0077885513030793       -0.1848913369280779       -0.0758586317012862
        0.0307179635507055       -0.1839253385554391       -0.0723040563866984
        0.0483903748977246       -0.1844796580618128       -0.0602131825434264
        0.0692826492643937       -0.1745685490489350       -0.0687439903522601
       -0.1032634576734230       -0.1603858633344451       -0.0601085115456950
       -0.0843128487885959       -0.1733723738992796       -0.0532293482810235
       -0.0637547435603659       -0.1544966387865365       -0.0724770427735265
       -0.0454224528859699       -0.1632555970270276       -0.0658297066779915
       -0.0287247167967747       -0.1713818828719162       -0.0549937352238457
       -0.0091569664053013       -0.1666464174027226       -0.0650370284449899
        0.0115629021453821       -0.1772483459797240       -0.0640628333168076
        0.0509433997568417       -0.1629031337717722       -0.0634335471550085
        0.0682553971155204       -0.1508771455521638       -0.0722853918056593
        0.0876135174824595       -0.1713401596571201       -0.0544648626733000
        0.1067241024138807       -0.1568112715930723       -0.0634049769994094
       -0.1208706948328977       -0.1448045762539207       -0.0664974423682506
       -0.1004833845649333       -0.1373516819494091       -0.0619700027700475
       -0.0825622528458499       -0.1506883885164530       -0.0559198216035266
       -0.0636355550680263       -0.1380900456852364       -0.0572420229891453
       -0.0493052307879732       -0.1379744234189916       -0.0732025899656116
       -0.0284101753917549       -0.1481830837414510       -0.0667117182559826
        0.0107711233895798       -0.1541913879860707       -0.0748175751540196
        0.0314829214189659       -0.1521668618437245       -0.0618610161342719
        0.0501445502927361       -0.1385640385680371       -0.0673065092206235
        0.0673658703008320       -0.1382062360312504       -0.0535810915436466
        0.0880097809828801       -0.1493615094523620       -0.0571645575195502
        0.1082543506911981       -0.1347833548725798       -0.0647322202476109
        0.1319309621279853       -0.1351984143490247       -0.0656933025236632
       -0.1360795249077062       -0.1297468198737153       -0.0681771638885741
       -0.1167405070225571       -0.1192359036380097       -0.0711058583087944
       -0.1002736980874127       -0.1133698840144708       -0.0634823865468594
       -0.0822695058060225       -0.1258579008129834       -0.0604555472047442
       -0.0569602030661821       -0.1164342148036935       -0.0632164259949131
       -0.0387629018520329       -0.1279362792104658       -0.0566116561603483
       -0.0185045183530804       -0.1277475208219712       -0.0703023736840943
       -0.0065342840061679       -0.1461034256848112       -0.0607593020075777
        0.0143554172136285       -0.1389690894441256       -0.0573132564252638
        0.0342972849694224       -0.1329898322586047       -0.0538047475525288
        0.0536868817612343       -0.1174873273113781       -0.0582150216894832
        0.0881542470009842       -0.1269692731254104       -0.0592301928536327
        0.1026226148898852       -0.1110016866821058       -0.0593374037347252
        0.1222186723752429       -0.1149570080322014       -0.0703874410907739
        0.1474708933702993       -0.1188642032566812       -0.0642155495663513
       -0.1500816043799012       -0.1099298834591362       -0.0734229716179694
       -0.1312750308314434       -0.1112972948310503       -0.0599916129949255
       -0.1168593397506850       -0.0950970982435931       -0.0619214203349987
       -0.0926035492764544       -0.0937188717518030       -0.0652982668230267
       -0.0749610318759449       -0.1034764033829286       -0.0641885001458840
       -0.0577041368434151       -0.0922342778283184       -0.0555892942629484
       -0.0395705797633751       -0.0994176078156277       -0.0650515621195722
       -0.0224623455636161       -0.1118692324617221       -0.0584222723519072
       -0.0033845868761340       -0.1230078169498106       -0.0515455339668552
        0.0171258330865082       -0.1151726657617062       -0.0594736214619263
        0.0367358902404825       -0.0992093274169615       -0.0593066690438033
        0.0578267896483154       -0.0933967999776408       -0.0538957263610685
        0.0769391259162266       -0.1046232250323735       -0.0593498121778161
        0.0927091155861182       -0.0911050946851710       -0.0657409765992185
        0.1169356771877746       -0.0940056687725897       -0.0570331790385350
        0.1376209240119071       -0.0958598962248895       -0.0645147189665954
        0.1616600003926818       -0.1010676969237959       -0.0604265249281721
       -0.1636586735976900       -0.0888763847330351       -0.0729165745629774
       -0.1426476431448725       -0.0935599293794378       -0.0615245720123996
       -0.1300003964059414       -0.0773290190131608       -0.0599644319107790
       -0.1039326891163510       -0.0772827984774638       -0.0613298237890869
       -0.0823859170160310       -0.0830525372418519       -0.0501664113170210
       -0.0669675080368983       -0.0689180911671072       -0.0503959360587849
       -0.0361801143095500       -0.0801030055813279       -0.0490525892426847
       -0.0198443493355502       -0.0892343475113169       -0.0675064785385952
       -0.0015287234935481       -0.0992340761174905       -0.0560566391223914
        0.0167717114077060       -0.0884437638035412       -0.0516207987225945
        0.0377561091338646       -0.0784058474864586       -0.0471562409012679
        0.0698185243254541       -0.0812004409062008       -0.0679979517752915
        0.0914358195400258       -0.0700734518042714       -0.0605071616623145
        0.1100913602413532       -0.0731839878541511       -0.0570996101661388
        0.1316000473932412       -0.0731358427613823       -0.0572046892162235
        0.1516749627461248       -0.0787353081960090       -0.0571044697949905
        0.1740367261928419       -0.0828956056807807       -0.0532873014667473
       -0.1751648875221066       -0.0673478610436741       -0.0691485922298183
       -0.1549122749172749       -0.0754526436811254       -0.0585685775065592
       -0.1417077933563466       -0.0575225402466070       -0.0554450100528551
       -0.1156073689863509       -0.0612578651284675       -0.0565547963191518
       -0.0966067869527229       -0.0461320383463333       -0.0504967901850000
       -0.0864623637365026       -0.0624409008224836       -0.0603799904774531
       -0.0703956222571931       -0.0450110333841368       -0.0539789159942795
       -0.0474226010574386       -0.0572691289389274       -0.0541175324290154
       -0.0281804266951916       -0.0675572365061324       -0.0617375049181535
        0.0029949025301042       -0.0777801891933772       -0.0672958539828364
        0.0187072650013132       -0.0628075440673243       -0.0557432318417541
        0.0377139823472693       -0.0576133470845298       -0.0556419296228266
        0.0597293629517834       -0.0691498251422424       -0.0493200885146589
        0.0748457352639163       -0.0584090694829346       -0.0605955480221602
        0.0988473247704780       -0.0516347114951104       -0.0518632401033742
        0.1223626456895441       -0.0512901706065296       -0.0559842390356001
        0.1449060713392717       -0.0510901840267060       -0.0552181611387372
        0.1547069004212308       -0.0605456834119439       -0.0730124248004293
        0.1756936798710792       -0.0658936716168240       -0.0692080551047869
       -0.1838086845643134       -0.0455866001386467       -0.0643135242614831
       -0.1641751792727497       -0.0355493365179304       -0.0688230147540549
       -0.1414379280443201       -0.0382391537957578       -0.0665752159062053
       -0.1203579867604364       -0.0428336980380458       -0.0570507997593920
       -0.1035364935311477       -0.0314096146443134       -0.0662194336441385
       -0.0864328221490712       -0.0260010224165125       -0.0513907366160715
       -0.0610928492192721       -0.0272485898353477       -0.0555896508060300
       -0.0463650652022912       -0.0404629131852621       -0.0647575284441241
       -0.0263317849123373       -0.0454102580386556       -0.0539432106252361
       -0.0061513089920190       -0.0593798988239139       -0.0629757325321968
        0.0229287834275603       -0.0370791751515566       -0.0527474796652070
        0.0453672268059375       -0.0375342194000570       -0.0632525201632029
        0.0592684057462008       -0.0466919262583805       -0.0486783814688537
        0.0797913384231058       -0.0363992553533824       -0.0559153280440590
        0.1031569030908200       -0.0352349836958320       -0.0637430617804431
        0.1329869116509434       -0.0300590200501141       -0.0517562915890764
        0.1420012195783432       -0.0389002587371099       -0.0725689553718266
        0.1643946643438423       -0.0417484199351279       -0.0662255036247851
        0.1842340318010789       -0.0459536749339425       -0.0628178419064841
       -0.1886284467548632       -0.0234791929415987       -0.0621935411699071
       -0.1693306860794917       -0.0128109643766652       -0.0649149069050727
       -0.1499226673569877       -0.0195392021505409       -0.0588704167126544
       -0.1246568364224829       -0.0195136222735748       -0.0648199673277135
       -0.1020751342576177       -0.0108980334334875       -0.0662634230535113
       -0.0768390798618463       -0.0170088928223924       -0.0670493320556743
       -0.0548498831717549       -0.0060540639801882       -0.0585331870549854
       -0.0386721432745680       -0.0220779158661105       -0.0528654406573717
       -0.0074426829468063       -0.0147330587361240       -0.0692270688104816
       -0.0056432519656334       -0.0355946424314861       -0.0659133843321345
        0.0146972828180246       -0.0189422182348970       -0.0654986794566134
        0.0364583704354855       -0.0196980751070262       -0.0551215482255630
        0.0619399910590970       -0.0220564381254181       -0.0611364196215490
        0.0975610790536269       -0.0183472882265579       -0.0551828578497287
        0.1175498563538839       -0.0149137067942520       -0.0609787143238003
        0.1373360193760744       -0.0163146286456534       -0.0707137584260704
        0.1536503576597835       -0.0269449873510853       -0.0541942797766316
        0.1724203770848268       -0.0182578246108326       -0.0585481526738328
        0.1817746324886860       -0.0291889907849523       -0.0781408075180796
       -0.1845078927308543        0.0137305680125536       -0.0759493847917070
       -0.1699069030830150        0.0080381027954619       -0.0630618991843727
       -0.1472903089164044       -0.0001527189271447       -0.0687072373014309
       -0.1352007890744904       -0.0016881401636345       -0.0516492330327487
       -0.1154821106029494       -0.0019392447338125       -0.0514491676689319
       -0.0866036456453803        0.0051669841927252       -0.0696134267030661
       -0.0671422682041142       -0.0002201310076643       -0.0741747098269291
       -0.0347901060993119       -0.0007902650715718       -0.0649065526475790
       -0.0119834274166413        0.0066533971294234       -0.0706496336874326
        0.0099111875339872        0.0040260577186071       -0.0724878668378132
        0.0279888946927065        0.0009633796653075       -0.0631701394423636
        0.0489719953380091       -0.0012537265537389       -0.0556748931413012
        0.0626270704749473       -0.0007730734322743       -0.0727905570937698
        0.1008609179535704        0.0027529348273825       -0.0686857156264278
        0.1117968223881043        0.0035505608417749       -0.0509066786836306
        0.1393348730080462       -0.0078287530000341       -0.0488712862880752
        0.1540305770287117       -0.0050705366312134       -0.0658221928450579
        0.1711911691399895        0.0062210514629921       -0.0622726868736590
        0.1856201730155273       -0.0076460335822998       -0.0740721914707639
       -0.1895245334800096        0.0247239780524993       -0.0588997123566232
       -0.1705106093570545        0.0305372472187256       -0.0548172301888543
       -0.1506717455224246        0.0181219421231388       -0.0548730016476890
       -0.1275428474319849        0.0178697479494087       -0.0586500658885067
       -0.1054218954937219        0.0153842681947008       -0.0646461766520085
       -0.0867182739972955        0.0249744529969274       -0.0521614996335844
       -0.0528375097458470        0.0164815179333724       -0.0673633184985277
       -0.0387286742442279        0.0222595932909569       -0.0526444148187000
       -0.0181105284102856        0.0295491510788220       -0.0745021459432518
       -0.0023838580683698        0.0238980569259915       -0.0554941123097790
        0.0153501792397337        0.0236554163296709       -0.0640942263724723
        0.0358803089187313        0.0217185275184587       -0.0543828174254237
        0.0616922682839506        0.0191640625960631       -0.0578548779372210
        0.0806241760997994        0.0102738775220823       -0.0637991385077787
        0.1143683965480073        0.0219626275927924       -0.0653020464647733
        0.1358525593235245        0.0270364236790389       -0.0544740882755137
        0.1497015136397747        0.0155113723245586       -0.0706488721880684
        0.1672908611931481        0.0284568528509699       -0.0589706724069376
        0.1898415133901509        0.0202375314979063       -0.0595872648566259
       -0.1833588025600491        0.0495433080566975       -0.0626499013800643
       -0.1624628880161956        0.0465563299471035       -0.0649442481168253
       -0.1432358126277486        0.0360272462421354       -0.0641990684818270
       -0.1250302799604451        0.0381251142022049       -0.0476472244456786
       -0.1044901736300343        0.0384172321374485       -0.0517267927573125
       -0.0769773943697063        0.0462943609240543       -0.0606960125037115
       -0.0609063587138836        0.0311420813976163       -0.0528346429878435
       -0.0402433619333738        0.0380149146526742       -0.0663393834212991
       -0.0207960605867153        0.0399841259207966       -0.0553971582481560
       -0.0003500687988659        0.0443268699543986       -0.0663142642094122
        0.0229907076848670        0.0421078341313741       -0.0573942286636508
        0.0379752524836527        0.0408976934489036       -0.0725357481533847
        0.0508735244667940        0.0384382079349677       -0.0566703151297260
        0.0776982997769082        0.0307075390322840       -0.0619850066510219
        0.0978514598699713        0.0416906888094170       -0.0663105650418085
        0.1234945230486839        0.0422090241155011       -0.0620036700451747
        0.1469503494945338        0.0384573151952294       -0.0683702980921370
        0.1651553795481554        0.0501496416029046       -0.0618663271472529
        0.1865901018645207        0.0443399302154192       -0.0567283391560398
       -0.1748528784844297        0.0701861956021197       -0.0670847884669744
       -0.1546147121639662        0.0641059943662229       -0.0699227509351210
       -0.1423279169340462        0.0540195576686691       -0.0516548101579476
       -0.1182448081955249        0.0581100599841869       -0.0546664834431602
       -0.0952639904738193        0.0574605457285120       -0.0577519499151097
       -0.0810184787839471        0.0705142345182760       -0.0613151134501618
       -0.0562530286879369        0.0530539631460318       -0.0578443828910671
       -0.0347788443083465        0.0591517692315477       -0.0560813367433320
       -0.0110095193837703        0.0636792675604030       -0.0564921746585503
        0.0066813605219348        0.0783332119794686       -0.0710095504363330
        0.0211866519941359        0.0571363919399301       -0.0746590710098833
        0.0355547724042376        0.0591424856955763       -0.0546150916947752
        0.0527716657302164        0.0591287500750051       -0.0687018200815350
        0.0738225236224666        0.0509238485539516       -0.0617771609045600
        0.0925035389552987        0.0624337423544415       -0.0588857504922878
        0.1217635776040111        0.0639325834145329       -0.0496961338075506
        0.1440126170536604        0.0540212424881030       -0.0531181520314269
        0.1518421345149414        0.0624963908758209       -0.0750994765576483
        0.1716840564167089        0.0718494980073218       -0.0732272790535560
       -0.1733658934137517        0.0862948308204446       -0.0499746852180431
       -0.1542409972515874        0.0776236421819721       -0.0531186734464098
       -0.1329328250420966        0.0734661300113354       -0.0541861484173014
       -0.1072275038098920        0.0768273762503537       -0.0561249005373335
       -0.0922428869095237        0.0927189714640280       -0.0581593945998743
       -0.0568755989149104        0.0737511387026239       -0.0588380931300470
       -0.0366735560988853        0.0793865404945472       -0.0522956239420296
       -0.0131060714738314        0.0838977775249551       -0.0636665830758719
        0.0050888478202222        0.0967231310465222       -0.0563545895345415
        0.0241108484648125        0.0852987494766619       -0.0563253313792485
        0.0464713176283469        0.0782435091205590       -0.0556579747038390
        0.0704364156576236        0.0738096110864957       -0.0624062539246232
        0.0908602344128706        0.0981559785509672       -0.0574598148043517
        0.1093425556680954        0.0821612315917885       -0.0564204140892825
        0.1333826517753435        0.0741922747260682       -0.0607678188865272
        0.1546253776810477        0.0737118035537064       -0.0577949447750883
        0.1705429457602939        0.0881199535103562       -0.0561246600314676
       -0.1604770176183124        0.1057270906210395       -0.0553977357421145
       -0.1413343069998541        0.0949131930836961       -0.0605098625461402
       -0.1202650592378495        0.0936070134331504       -0.0541226705056050
       -0.1069430795169363        0.1105764551364244       -0.0529744002831229
       -0.0744004482226682        0.1054670495273500       -0.0621356962573285
       -0.0544137935174478        0.0972077633565603       -0.0555297924948254
       -0.0342747115428225        0.0953590287489195       -0.0620424196067374
       -0.0174482359078643        0.1077105226132807       -0.0645130770896148
       -0.0016216605861187        0.1153823740531622       -0.0567154069979699
        0.0203533734846513        0.1076280599115802       -0.0667151657181748
        0.0383481355157155        0.1025888898179549       -0.0551167160487539
        0.0613736578268178        0.0943748719555683       -0.0574276357224489
        0.0729780720608833        0.1123746483698169       -0.0572505353572216
        0.1129722761723764        0.1033868271462012       -0.0524300793158425
        0.1280576145936551        0.0969666458329713       -0.0682396546603591
        0.1462766581787034        0.0950222815485366       -0.0599189860655150
        0.1585616726996874        0.1071620546751732       -0.0580903605884442
       -0.1455231219335287        0.1234388100085444       -0.0598822276601118
       -0.1260880487268652        0.1135517832714160       -0.0659653421324748
       -0.0936252789430102        0.1155109094517598       -0.0673701916143793
       -0.0743137074931966        0.1269148741833235       -0.0653454503639010
       -0.0618868983843839        0.1186333111279964       -0.0485691403720183
       -0.0482791984793030        0.1241980379035428       -0.0619033821037104
       -0.0249898087224922        0.1260568086232005       -0.0649465906133799
       -0.0087322148990435        0.1344206571599160       -0.0563814870763848
        0.0135879436447278        0.1281342760299472       -0.0674279247184204
        0.0331161877069556        0.1283711513277868       -0.0557232642565460
        0.0525251661970714        0.1179020484400928       -0.0577840063155046
        0.0819100923814432        0.1312539786305255       -0.0571807016831069
        0.0987941401378726        0.1182150518569722       -0.0596939698525968
        0.1326580745697205        0.1129248884274890       -0.0516730599913919
        0.1447295802377258        0.1211536350994425       -0.0661448812583997
       -0.1282907595082600        0.1396308190128038       -0.0635980770783489
       -0.1095016411658715        0.1304708051368390       -0.0667286508868949
       -0.0898682389450259        0.1415971811302426       -0.0650909627110416
       -0.0589483489860653        0.1408642706954795       -0.0616785392078311
       -0.0378715966744060        0.1454123084413877       -0.0630511066514561
       -0.0186865812499884        0.1517712416203429       -0.0560516696260966
        0.0044048603115149        0.1483471033651389       -0.0687308979549858
        0.0250741989380682        0.1498359420637801       -0.0581935653424284
        0.0461151468634311        0.1397316847040552       -0.0690973302418314
        0.0621007301316538        0.1375630930340265       -0.0576351391148435
        0.0996944830235219        0.1430725169685327       -0.0517787836240597
        0.1164862600702100        0.1292004166533519       -0.0527646364131771
        0.1296830199995546        0.1364854267305044       -0.0674836471108666
       -0.1080422126947395        0.1560417512308434       -0.0630702160189508
       -0.0866168167609744        0.1701994659601252       -0.0594110164196579
       -0.0725563574778528        0.1535337391059848       -0.0656837187847460
       -0.0512058398126826        0.1643209375960377       -0.0617667833418837
       -0.0303062263807794        0.1698049246296385       -0.0572852553402112
       -0.0106560004058757        0.1654247512761725       -0.0734425129300474
        0.0112175178089939        0.1685209186015745       -0.0644731159059885
        0.0448300602738039        0.1606917285312860       -0.0706568320713696
        0.0628117160448611        0.1582953041861138       -0.0618457512157706
        0.0944122676817783        0.1633773730496029       -0.0662884434007352
        0.1125831393333944        0.1507801805204611       -0.0677522982024636
       -0.0670196769249771        0.1730269770776129       -0.0746326210343886
       -0.0448724646925596        0.1830605028565949       -0.0668977893714824
       -0.0228275316055602        0.1904824415706257       -0.0565273673592165
       -0.0030279691540962        0.1874479130679636       -0.0696714525762334
        0.0361540459887027        0.1830409458097402       -0.0720339997682702
        0.0550732444169442        0.1828185168656281       -0.0595342561177926
        0.0757573055054848        0.1733041490768527       -0.0650115571336429
       -0.0816324205755140       -0.1801031055667350       -0.0299836506573001
       -0.0643172200374609       -0.1836088267538585       -0.0463798876580179
       -0.0402945275670540       -0.1911863019259713       -0.0427100575475030
       -0.0170275557290356       -0.1954221444912784       -0.0389903552468234
        0.0010454183553174       -0.1920663717328041       -0.0557621375557752
        0.0243546360886878       -0.1917579348674165       -0.0513395184087150
        0.0436244758496567       -0.1910647585683643       -0.0398893862950502
        0.0672805006775498       -0.1822397326923629       -0.0475606356853254
        0.0850659798072403       -0.1780596523754641       -0.0325352004835869
       -0.1003043340694602       -0.1687560408171782       -0.0382156942165356
       -0.0807974251979565       -0.1587573273394800       -0.0335923609380896
       -0.0638684185618840       -0.1621662913886404       -0.0505166259538537
       -0.0454903608957131       -0.1704846823880984       -0.0404286224234503
       -0.0217376230366693       -0.1569636350895924       -0.0441647308285912
       -0.0063143297224858       -0.1742211290605374       -0.0436280336431226
        0.0324143827758788       -0.1708223414540919       -0.0509792067024166
        0.0500198598780517       -0.1707648096491375       -0.0394155708182327
        0.0688383021367703       -0.1589088921602427       -0.0494951871930729
        0.0862718083059129       -0.1566783792074432       -0.0340484327655992
        0.1053801543407622       -0.1646024463073270       -0.0424388707528882
       -0.1361495889989662       -0.1390139771327269       -0.0462428761383093
       -0.1196680312152624       -0.1535078543720720       -0.0459880523932197
       -0.0996136058448532       -0.1456586379453331       -0.0405734890452903
       -0.0783588671356406       -0.1361565991615867       -0.0383011389293786
       -0.0595501468604060       -0.1492343289534686       -0.0350947225296341
       -0.0431461080943718       -0.1490729766484963       -0.0504970566784457
       -0.0205813944048800       -0.1358706458954115       -0.0477970185251834
        0.0105913648203775       -0.1611458948179415       -0.0529181484383433
        0.0249637431280951       -0.1534711355165275       -0.0385004067807804
        0.0477591803422901       -0.1497056726275911       -0.0454357465922975
        0.0661616235186321       -0.1409729367250139       -0.0298008212634167
        0.0859259955617485       -0.1359302382171838       -0.0375794285264856
        0.1044043001959473       -0.1412964397757766       -0.0435741207585267
        0.1235019797246788       -0.1488391429886152       -0.0509330004338170
        0.1407769328617206       -0.1348163822042367       -0.0447928370651267
       -0.1505610064882529       -0.1205726914959941       -0.0528546065363488
       -0.1170147558506134       -0.1287703241837188       -0.0502778828256122
       -0.0977538721466328       -0.1240909894875205       -0.0403259414987977
       -0.0691313040668853       -0.1156479113617252       -0.0449620012991316
       -0.0544349342083409       -0.1277279423243819       -0.0407051949827341
       -0.0383355897474340       -0.1370257534494040       -0.0324421031401438
       -0.0256132334452068       -0.1189309884236014       -0.0372601102078135
       -0.0009043587385890       -0.1484687042921645       -0.0396620006731852
        0.0151342104728309       -0.1308903586851423       -0.0389387351079138
        0.0505163713561136       -0.1298663952617368       -0.0373907518785730
        0.0704487157116702       -0.1200879299009651       -0.0449819117635590
        0.0936493434386041       -0.1142078847689598       -0.0418497177815725
        0.1172091262179037       -0.1244245235227870       -0.0470635345072497
        0.1316860651815158       -0.1129724393781495       -0.0511613382818750
        0.1554945504989003       -0.1186008757856163       -0.0418960264277331
       -0.1632643382045755       -0.1015190449334400       -0.0551238550611757
       -0.1523640553777725       -0.0942342270192624       -0.0388791763520596
       -0.1346293612467605       -0.1199857753526406       -0.0380106501852703
       -0.1122273614441170       -0.1069125807576537       -0.0455087713270461
       -0.0875353489189409       -0.1071062676415767       -0.0453703349229998
       -0.0671054794189224       -0.0940638210599549       -0.0408294346897969
       -0.0453714445102757       -0.1087418508202635       -0.0449892586250802
       -0.0261222766361412       -0.0967296395748665       -0.0454740143199633
       -0.0103379242923843       -0.1037148547949424       -0.0367099403415151
        0.0127596508054382       -0.1086791661060630       -0.0386316439171867
        0.0330248004908522       -0.1160145673455825       -0.0445818563184117
        0.0522613681198189       -0.1056479586677960       -0.0387535007526049
        0.0744708636502966       -0.1003347688729363       -0.0368558590156450
        0.0963817867280990       -0.0913055860682948       -0.0438596140406358
        0.1136835221555488       -0.1043535756237723       -0.0362515339497272
        0.1497974545582925       -0.0999316302447713       -0.0453668470094534
        0.1692819331280316       -0.0998877414805474       -0.0369603329937298
       -0.1748188039013421       -0.0822363705281007       -0.0517258659618936
       -0.1632824697997175       -0.0724185792092379       -0.0366089807693538
       -0.1325868840158725       -0.0990770524462430       -0.0415860467148748
       -0.1182843947721017       -0.0819331387958950       -0.0414212300120764
       -0.0992002712548689       -0.0900776312852631       -0.0414405350775919
       -0.0804491203738326       -0.0750829510015407       -0.0307297465886228
       -0.0549048505644994       -0.0745701544972479       -0.0379522182992182
       -0.0446472233415045       -0.0932553504739412       -0.0323528517299871
       -0.0212814070549379       -0.0806146032800928       -0.0300708640422468
       -0.0108079030058474       -0.0809957628142607       -0.0501323688707320
        0.0215288372460791       -0.0744380309417419       -0.0321733786790600
        0.0329840398318218       -0.0952968996135510       -0.0367917081178857
        0.0562559601480618       -0.0836079134779324       -0.0333305290842599
        0.0775219034749763       -0.0809020521715885       -0.0475929995194307
        0.0977025711689575       -0.0700731169703057       -0.0372530918343275
        0.1184736712580651       -0.0806374318579216       -0.0369322441631583
        0.1346475657227362       -0.0906219526680970       -0.0407024141496456
        0.1568601412958969       -0.0795480019796063       -0.0357416585540222
        0.1803871304012875       -0.0803276305461507       -0.0317483066287632
       -0.1841645620696593       -0.0623035257367429       -0.0469221137281629
       -0.1645644621924482       -0.0545547763998191       -0.0539455158349040
       -0.1413506329372788       -0.0771542146958217       -0.0407417685436168
       -0.1277468708205676       -0.0612328513224826       -0.0391974727256060
       -0.1009668405938601       -0.0668138357540690       -0.0412325914691240
       -0.0795364706634980       -0.0555475592356438       -0.0368717378012579
       -0.0585613186623462       -0.0513826061120259       -0.0344699657329308
       -0.0364651344353273       -0.0606625296086050       -0.0363958705572535
       -0.0161780440899894       -0.0624250489200377       -0.0417111619250816
        0.0049494120973966       -0.0680570958663471       -0.0441569292498760
        0.0223213699519905       -0.0540634333969872       -0.0352302876772502
        0.0448481882943500       -0.0623050972218093       -0.0348465928169557
        0.0653940170435144       -0.0607561783079117       -0.0270760839895719
        0.0810212163076000       -0.0573782421938219       -0.0395071273586857
        0.1158785216067366       -0.0575897921931631       -0.0377100631748839
        0.1384347288601729       -0.0656248359904272       -0.0397955791875875
        0.1520693706366680       -0.0585494377785611       -0.0227748636295776
        0.1618804598419236       -0.0612772202809189       -0.0499111292079474
        0.1841376347703499       -0.0623904256370970       -0.0469123254907657
       -0.1910650573061918       -0.0408360425311306       -0.0427382910179529
       -0.1724418970509401       -0.0306020384121402       -0.0475331705959163
       -0.1549772413473031       -0.0370163800167538       -0.0467959160251490
       -0.1283560669647552       -0.0242257790061002       -0.0485465979969018
       -0.1140187619710491       -0.0446855159817137       -0.0362383646774755
       -0.0918175921323272       -0.0358545039257941       -0.0305652874046644
       -0.0699444106350183       -0.0313223166459669       -0.0352648522870533
       -0.0449265327391600       -0.0377426498497551       -0.0396731633569205
       -0.0200323769053995       -0.0434288699181745       -0.0339024247971538
        0.0007654005992814       -0.0460768967895492       -0.0467851399457990
        0.0142203656823910       -0.0338926474714520       -0.0327165323166812
        0.0391460732078503       -0.0405219112218619       -0.0396849676630055
        0.0728909363115670       -0.0378916250574299       -0.0346331022670052
        0.0949333071966612       -0.0357986166691543       -0.0379708763353494
        0.1139263916210257       -0.0332025884237165       -0.0425382789244560
        0.1347174532961155       -0.0436736459714074       -0.0360299800487061
        0.1554679572411956       -0.0421773083179525       -0.0351405487501957
        0.1722055502700432       -0.0414715443842228       -0.0458880101038599
        0.1917915904987013       -0.0406741080383167       -0.0395171198414618
       -0.1949168995198572       -0.0195506736245354       -0.0403134406532950
       -0.1770298141151909       -0.0100622045339388       -0.0436540955428097
       -0.1447219955669440       -0.0183257940400015       -0.0360854844382807
       -0.1075055056151847       -0.0229267995839063       -0.0444431853014299
       -0.0928255089826587       -0.0019310200119718       -0.0503150624746503
       -0.0721884814854735       -0.0097331287855254       -0.0444810899250771
       -0.0529002914998413       -0.0155576372144195       -0.0351834023391775
       -0.0288977765488571       -0.0200503551458525       -0.0332420602236449
       -0.0164451043208421       -0.0280684930901801       -0.0485277728956021
        0.0026000183624397       -0.0238070598305440       -0.0485536368763026
        0.0185981906876997       -0.0126193178394219       -0.0427792234090656
        0.0341517395785121       -0.0222991552725812       -0.0323458373770241
        0.0555123854816935       -0.0237513730275917       -0.0426600804721472
        0.0786302646550424       -0.0182948038191590       -0.0414663944045283
        0.1022084585991933       -0.0125229449657970       -0.0355282293251766
        0.1235310060089653       -0.0123112755326785       -0.0384454868238599
        0.1478563737100020       -0.0212442255340210       -0.0335208178747363
        0.1722787560754112       -0.0243042323705921       -0.0365365364866437
        0.1904279330226060       -0.0252013263843827       -0.0556964582850924
       -0.1912410135756167       -0.0005051520633867       -0.0585373348805414
       -0.1760721487380255        0.0112489434995629       -0.0425270207349190
       -0.1578177369479502       -0.0013672270354539       -0.0463233870996332
       -0.1241242983542635       -0.0091508956555821       -0.0301464780175132
       -0.1061993656925604       -0.0019651344127391       -0.0309141523719975
       -0.0722728302814321        0.0093005828461610       -0.0524649232385812
       -0.0548157521371224        0.0098553883360314       -0.0431334898805950
       -0.0371865435275145       -0.0005869693597683       -0.0430207027004795
       -0.0184320637712859       -0.0077912023818276       -0.0511628006529182
        0.0022953807446467       -0.0009221775892929       -0.0533065648278776
        0.0121311963506027        0.0031195160628460       -0.0279736835715715
        0.0347371867370927        0.0009892389651909       -0.0404635672904848
        0.0670859786996884       -0.0008861064045044       -0.0466621787961341
        0.0897643379305245        0.0019467817807955       -0.0471738835111460
        0.1029354335412699        0.0114576084158136       -0.0317773980193103
        0.1275832640931230        0.0104809579259695       -0.0401498923469018
        0.1603245449304100       -0.0040290879396804       -0.0432739797935584
        0.1797864217648799       -0.0036870555491430       -0.0394930172102019
        0.1921806795181355       -0.0020585908443471       -0.0553384915203810
       -0.1946476761259371        0.0235724212174665       -0.0394540638588465
       -0.1597762230423571        0.0217924317225526       -0.0344005553664926
       -0.1420839047458273        0.0054769905823072       -0.0336375343004453
       -0.1239093714727154        0.0148818181865573       -0.0348221955733409
       -0.1072657651850160        0.0184160478747345       -0.0436585978511504
       -0.0731915807913795        0.0255777787136259       -0.0344068003211696
       -0.0525173428210596        0.0275603433256027       -0.0303515734637406
       -0.0326320940393219        0.0183033281138555       -0.0314649125155102
       -0.0221095534032078        0.0149918912437202       -0.0549879926870016
       -0.0090539187582005        0.0096739911310490       -0.0378299372224768
        0.0151151907695219        0.0113196959809008       -0.0472512632927074
        0.0294850837022943        0.0188679714689130       -0.0313515026618278
        0.0522375730838403        0.0178496134999005       -0.0394634241576338
        0.0786737648126225        0.0195240932430317       -0.0393741705837245
        0.0976946695778590        0.0233464873523466       -0.0524832511053255
        0.1165322614446165        0.0279086645005826       -0.0422704432344406
        0.1508146439508963        0.0133804858582479       -0.0483948556529246
        0.1743786205264933        0.0183753876496315       -0.0418129206587870
        0.1961016479499419        0.0109461550060722       -0.0377402353947584
       -0.1899625949352121        0.0447354849327284       -0.0437372715021203
       -0.1754706304413657        0.0389159509674052       -0.0347253323504934
       -0.1551846771583437        0.0427147578137123       -0.0418415276954247
       -0.1392231936004398        0.0300723016001316       -0.0399444881575004
       -0.1165629763609498        0.0366411409696605       -0.0294922415805755
       -0.0947471435363128        0.0326709276617633       -0.0311239904966324
       -0.0639037616658226        0.0464331159039167       -0.0377980439542256
       -0.0405398697730872        0.0413690523479517       -0.0410218248734342
       -0.0178625323624473        0.0306882971908184       -0.0385647094488329
        0.0002679642436832        0.0449648092051916       -0.0447456261109924
        0.0172465920604735        0.0330839973631976       -0.0415017157883542
        0.0401828181934226        0.0410000375365192       -0.0390780281583873
        0.0653955509436139        0.0381344110601997       -0.0418425304478987
        0.0874395690711009        0.0421402664336172       -0.0449574551173695
        0.1080220575476450        0.0472890756626393       -0.0456771821525422
        0.1319502056613950        0.0449302009198339       -0.0396515094483580
        0.1547001249298003        0.0357422461029770       -0.0435254464276584
        0.1723220161375824        0.0423604356490476       -0.0387655480865164
        0.1933306792819543        0.0331220406275329       -0.0390663393130759
       -0.1836510778956088        0.0658887983429892       -0.0439425516314137
       -0.1665590983381562        0.0599604785518247       -0.0474109033155462
       -0.1477733945775424        0.0647367833808633       -0.0340274348908307
       -0.1265487332038730        0.0585172266765828       -0.0345891113686190
       -0.1050626460208111        0.0551218452357256       -0.0353519341852698
       -0.0848179577062089        0.0476033420514040       -0.0397494224087041
       -0.0717423895468994        0.0652380328628553       -0.0426757568453575
       -0.0467691420692226        0.0623822285986526       -0.0382363237715369
       -0.0218424441292356        0.0540053921271589       -0.0377672907014301
        0.0118789623691100        0.0632485290886264       -0.0566513385499623
        0.0215211522536811        0.0542695696835164       -0.0368114621850294
        0.0445417451043688        0.0666163045132897       -0.0335257650969240
        0.0578415948747446        0.0583755469272866       -0.0464517489348364
        0.0785529830467628        0.0608895013196245       -0.0406704192498276
        0.1009913496349754        0.0690344388518026       -0.0384593323031730
        0.1223792107853218        0.0585531646299408       -0.0283185376212756
        0.1408430081813854        0.0692613902036522       -0.0356466387549079
        0.1639600645177838        0.0630212867180183       -0.0412031762877138
        0.1801519521537991        0.0659789580170977       -0.0564982411071802
       -0.1811015101330094        0.0800509374062572       -0.0281796107121117
       -0.1627255337778635        0.0783492345592327       -0.0295298330668157
       -0.1355489862679283        0.0850041507998128       -0.0369287369204576
       -0.1154038335593501        0.0774819101247633       -0.0362348009257626
       -0.0926039316766605        0.0728515864494600       -0.0401642377288150
       -0.0752788253810690        0.0886256966626586       -0.0469130083911856
       -0.0559369164922667        0.0820938453266341       -0.0366785656376085
       -0.0369014183125216        0.0946206930016693       -0.0362858764492085
       -0.0232180024205654        0.0740754424449176       -0.0378100894021983
        0.0014812068115130        0.0812342057592152       -0.0456070944155665
        0.0232011100508900        0.0731810416206596       -0.0384048771793073
        0.0413709317263248        0.0890253781280136       -0.0375343680715792
        0.0633182600591572        0.0804237856656870       -0.0407088722133568
        0.0844140821070365        0.0821780014127041       -0.0508598860718855
        0.1005520805677448        0.0925893113061072       -0.0366286824397911
        0.1182555676625231        0.0797254011786771       -0.0314791787137064
        0.1308830608003653        0.0882641780517401       -0.0457436490834218
        0.1547971635448149        0.0858063365682667       -0.0392111835360197
        0.1790676546963618        0.0806366687157846       -0.0378484176587857
       -0.1691455944672228        0.1018939620200797       -0.0317393824023697
       -0.1527803100051892        0.0951699869983590       -0.0387154500689910
       -0.1373013996193823        0.1093727354667103       -0.0449076478540708
       -0.1199834553901213        0.1028806620984556       -0.0331206541507736
       -0.0994244007655413        0.0947816683383726       -0.0381717625307017
       -0.0615115476998470        0.1021566857162490       -0.0344181148385088
       -0.0377555802466674        0.1121224215141282       -0.0494612999350998
       -0.0176103911573652        0.0962036469229641       -0.0454879913178393
       -0.0000023724032410        0.1039416544519544       -0.0345893775659301
        0.0205984819972519        0.0961327265001516       -0.0363915325607304
        0.0365298142344774        0.1128377422271556       -0.0362128462300787
        0.0559618922833957        0.1055679884506555       -0.0379645257050908
        0.0760562509272238        0.0987522686847937       -0.0359891817040411
        0.0899563585600748        0.1129924645578745       -0.0403455211632423
        0.1222358163474484        0.1024370542028634       -0.0312948101053115
        0.1449866250625870        0.1048400127915377       -0.0354562541229420
        0.1678603944401164        0.1022029501223316       -0.0371139459809342
       -0.1555304008748393        0.1203124977625911       -0.0365403514420878
       -0.1229848644474099        0.1249621319728319       -0.0469258865858098
       -0.1058592981124374        0.1191213749258492       -0.0323007056686320
       -0.0832252974839465        0.1118355008876945       -0.0435598009162210
       -0.0512589293962566        0.1379419387890941       -0.0410358054471250
       -0.0313697974896873        0.1350760623512603       -0.0443950053050128
       -0.0192881394466473        0.1179642571281919       -0.0411313095823101
        0.0022803655973898        0.1251088486274932       -0.0364595331806867
        0.0185859217263595        0.1147142996876059       -0.0466842840310942
        0.0268200534487717        0.1351340360591093       -0.0352759936580896
        0.0489811179292763        0.1314062032029110       -0.0392355171231941
        0.0690807339216832        0.1225779069787157       -0.0380947431336757
        0.1083080083969375        0.1181600548349426       -0.0360933569332712
        0.1297794905312083        0.1235706059748725       -0.0317358947577848
        0.1533612499542037        0.1214445056988149       -0.0416120062370782
       -0.1403363765048795        0.1365125055877127       -0.0408660893106646
       -0.1233525397249869        0.1513448213885253       -0.0433462339619721
       -0.1076676794382900        0.1402694652020615       -0.0478828563489527
       -0.0919891105932227        0.1286266340620488       -0.0472240188790121
       -0.0750245745035415        0.1384112811095218       -0.0425660251471578
       -0.0416093123808878        0.1565672737166318       -0.0433730569164935
       -0.0124789342934769        0.1410998267694116       -0.0342566807892530
        0.0016167721803399        0.1558339296562846       -0.0457102803515432
        0.0108205096313960        0.1377100353774270       -0.0482198808457862
        0.0436377682537330        0.1507682209627283       -0.0467644825643213
        0.0678733493981360        0.1451560252333824       -0.0399409922112734
        0.0889472742512864        0.1338227165640121       -0.0371099734744029
        0.1122551431892990        0.1396239069556728       -0.0316961050150370
        0.1229519560265640        0.1504037940596351       -0.0475553912971754
        0.1392086891525604        0.1359399849308805       -0.0462737656138992
       -0.1041542590130587        0.1655270659361229       -0.0418650306841983
       -0.0886529254985222        0.1541470757468269       -0.0473300769582594
       -0.0665680606056569        0.1583218663344044       -0.0467051519050070
       -0.0562085659641837        0.1717801828967341       -0.0369525437559881
       -0.0304841781519110        0.1774840752546429       -0.0378928771637347
       -0.0090810568747237        0.1732298048126972       -0.0527917918073287
        0.0146082227352849        0.1758436497427073       -0.0445375396782588
        0.0341477449077529        0.1701058339304546       -0.0547643537780809
        0.0568917677039653        0.1669296962119289       -0.0427719683898007
        0.0817744005677880        0.1566525943865690       -0.0480669032744866
        0.1046053755736044        0.1637328271695838       -0.0474265402592496
       -0.0820070173622837        0.1781373695817828       -0.0392673744350050
       -0.0651581236715989        0.1812632865520069       -0.0538334455168675
       -0.0438473373230072        0.1897495411525236       -0.0455249672154274
       -0.0210995065791330        0.1959738016697837       -0.0338980809548017
       -0.0014335373916901        0.1944053553512801       -0.0469521329347652
        0.0177525282145371        0.1900079433429033       -0.0598483853758547
        0.0542440013783093        0.1890395949721053       -0.0363540900117957
        0.0754618202386938        0.1795503193174309       -0.0454664329948028
        0.0932220115801750        0.1738297065854191       -0.0330588813797001
       -0.0141422754394106       -0.1987151662532624       -0.0176714107960358
        0.0044788656715989       -0.1969040497630984       -0.0347668655113458
        0.0249337686239023       -0.1965660751412874       -0.0272045084049228
       -0.0755599338162888       -0.1849136504359711       -0.0098812062103658
       -0.0578404159870167       -0.1896562453772798       -0.0261724066752874
       -0.0352527058238874       -0.1957005517728822       -0.0214135654727286
       -0.0245077840894836       -0.1774645378151715       -0.0308696050677793
       -0.0019085467818862       -0.1815508826835028       -0.0207264040949588
        0.0160442986757970       -0.1785586647333472       -0.0381254610852315
        0.0445441406549840       -0.1941600690143711       -0.0178237794218427
        0.0631715908143735       -0.1878513048423774       -0.0268558631964701
        0.0773294012509366       -0.1840773213765027       -0.0116491842771854
       -0.1155587000439230       -0.1610998473534454       -0.0263253873697047
       -0.0985576521540735       -0.1735086753094761       -0.0134584096486093
       -0.0776895574306280       -0.1638295817671898       -0.0094364671480202
       -0.0623102155135088       -0.1697387744576381       -0.0257468089003598
       -0.0413206265999378       -0.1763025656017803       -0.0161058879485090
       -0.0334795856232644       -0.1596456571941101       -0.0054888824771718
        0.0091551019665368       -0.1636348918621620       -0.0277577899033465
        0.0339857193979569       -0.1729798168149515       -0.0247109617086587
        0.0547308939612250       -0.1727442172095355       -0.0143716922554990
        0.0672242715936616       -0.1641007523104107       -0.0290344634049205
        0.0802967328720365       -0.1655773447879302       -0.0104750887787378
        0.1025623815923212       -0.1704143088924622       -0.0209742987837075
        0.1219646554235105       -0.1557163174488326       -0.0296150517332576
       -0.1325147612285904       -0.1477441599668533       -0.0247285514022587
       -0.1161058680854683       -0.1360757510817308       -0.0285994306663112
       -0.0977363453624346       -0.1520716210266463       -0.0194367390285772
       -0.0761523306447540       -0.1439612184389977       -0.0163110793057624
       -0.0541871742907473       -0.1540989261760604       -0.0144790284792514
       -0.0366189973617323       -0.1563137520828342       -0.0269732381428988
       -0.0181375696887418       -0.1413577950574049       -0.0257013678334791
       -0.0137098912088181       -0.1614669055774804       -0.0216025596703016
        0.0309711722833604       -0.1369106435746928       -0.0289237647336833
        0.0455022068956929       -0.1526325075579350       -0.0250938537183339
        0.0628776684342506       -0.1517303962686328       -0.0101243579492971
        0.0846104519742494       -0.1441084508609490       -0.0148564388710719
        0.1032729935216971       -0.1475899738319717       -0.0223139427979150
        0.1247439737436654       -0.1360125930022668       -0.0297732199053589
        0.1366177413967813       -0.1454989351832382       -0.0128706096619469
       -0.1595387536360748       -0.1152387518758110       -0.0356007887009887
       -0.1484075131684971       -0.1314892951210078       -0.0261873126598292
       -0.1191009322203584       -0.1153420100689549       -0.0276678724391245
       -0.0952274176481235       -0.1316763703410790       -0.0184056738420352
       -0.0791123570939358       -0.1194991397654423       -0.0246399330070139
       -0.0593755203197308       -0.1314179967462413       -0.0209883088598031
       -0.0413330509815674       -0.1162492529333547       -0.0227175352998614
       -0.0195941567160226       -0.1215748922511774       -0.0161346322480953
       -0.0037179034926799       -0.1261541396853928       -0.0304175419425987
        0.0165201583072665       -0.1203202674633082       -0.0178360108807932
        0.0370829804757738       -0.1162895479855216       -0.0230354309608134
        0.0485758677083744       -0.1334975112497512       -0.0122915783701446
        0.0799769117758734       -0.1212001988465660       -0.0238381323433704
        0.1049091208924362       -0.1251146891133935       -0.0262970546881790
        0.1260959010237527       -0.1221843007902835       -0.0138413473851526
        0.1482556981393685       -0.1322555116317325       -0.0229940780999383
        0.1616031406832190       -0.1161943906244979       -0.0195777557422643
       -0.1728442501176312       -0.0949000824156062       -0.0334490606619286
       -0.1667098681778278       -0.1091373803885637       -0.0172293958666538
       -0.1434625572409878       -0.1078825483366301       -0.0204632077816678
       -0.0994482498012999       -0.1063743192009057       -0.0238516611286277
       -0.0815674882897059       -0.0975143878013443       -0.0257425415155282
       -0.0608903463306893       -0.1087999166732596       -0.0243492824356494
       -0.0468884888952891       -0.0975233430165561       -0.0096378924384101
       -0.0263012922612635       -0.0994653673222618       -0.0205883058313466
       -0.0011736107143006       -0.1076342933604798       -0.0189192733959670
        0.0206592879118682       -0.0971383161067525       -0.0203700754331247
        0.0453731676183393       -0.0970365941077640       -0.0179541576823282
        0.0610801590883139       -0.1165322438671712       -0.0224483418344055
        0.0904296746130901       -0.1030356715350104       -0.0217474843970774
        0.1099380732122193       -0.1085041266430445       -0.0140374666159505
        0.1353470030561001       -0.1138747207205350       -0.0305932710863286
        0.1501570284836318       -0.0974253715133052       -0.0219813415492785
        0.1740372461747214       -0.0972653709845260       -0.0158267036903794
       -0.1831300430216342       -0.0753228911428647       -0.0281042599380730
       -0.1579237019214034       -0.0860559634070882       -0.0179782961269930
       -0.1344689312121944       -0.0874279914591889       -0.0214313597998260
       -0.1162989652728753       -0.0941468158046479       -0.0238621934789939
       -0.1006490154578619       -0.0798576925795026       -0.0212991797468072
       -0.0839844359305918       -0.0640696761275963       -0.0117361756967439
       -0.0637805374136589       -0.0856542665963591       -0.0192469988053906
       -0.0398560305469950       -0.0765248190603747       -0.0195740379856113
       -0.0072116836466295       -0.0896634852890279       -0.0141580330965340
        0.0037958577837655       -0.0882949006742079       -0.0332123993510608
        0.0119155187814009       -0.0792463287496582       -0.0096573421849367
        0.0355692167144987       -0.0780436132652790       -0.0198281197229816
        0.0671568605335336       -0.0955808705554691       -0.0157666940404505
        0.0789783105933588       -0.0805363296788154       -0.0261047800063143
        0.1026634826484844       -0.0868699414522001       -0.0210616143410498
        0.1258043911912292       -0.0959380384079621       -0.0184682199804842
        0.1377988627818911       -0.0783546159004235       -0.0211270484085430
        0.1623623801025979       -0.0790750772415037       -0.0143114712235319
        0.1853029841526468       -0.0743358270395715       -0.0117042254444536
       -0.1906128847542787       -0.0560848912487811       -0.0228300929494266
       -0.1730793340573808       -0.0498094875006476       -0.0326618836154080
       -0.1516027840474734       -0.0571301303884751       -0.0329279767214896
       -0.1436741068947823       -0.0700921927422657       -0.0185330867951048
       -0.1192723034103188       -0.0672562316359917       -0.0232517904993031
       -0.0981258994087501       -0.0555300447432260       -0.0253168985823221
       -0.0618898754721253       -0.0652338094405491       -0.0191020344018632
       -0.0428296240345027       -0.0527081733206365       -0.0162959047244254
       -0.0219720751154177       -0.0585063336681883       -0.0181774963457019
       -0.0014990363877189       -0.0694818511198354       -0.0235334056209535
        0.0190794973061446       -0.0595397819295136       -0.0131366629062703
        0.0415274424573943       -0.0557518041726813       -0.0184117270787390
        0.0563311631165267       -0.0744809031790323       -0.0134207625456376
        0.0895512677007256       -0.0655482057579690       -0.0179858015340196
        0.1137100840706576       -0.0694352967455650       -0.0185520074578249
        0.1314948976364133       -0.0584835546939270       -0.0175338952218382
        0.1578394396298272       -0.0474226147482333       -0.0038370064836208
        0.1702932278271155       -0.0611746055810606       -0.0296242617613974
        0.1900450866571649       -0.0574243308953596       -0.0241932072066040
       -0.1958552368861007       -0.0351407967872621       -0.0201457355230459
       -0.1576759858522510       -0.0380713400395770       -0.0250209373093842
       -0.1375809661473813       -0.0408883436419622       -0.0412006837071851
       -0.1346540125187423       -0.0482795914553570       -0.0207392207853112
       -0.1154148340483342       -0.0433517877257136       -0.0138981845254032
       -0.0754130779776728       -0.0439046530040505       -0.0180908836002091
       -0.0548994137926135       -0.0351887680200046       -0.0169808890503253
       -0.0322219509073535       -0.0357305041461974       -0.0213186985890492
       -0.0141127034947569       -0.0387020173404436       -0.0090063825787618
        0.0005039439199830       -0.0508204978955151       -0.0250936126057341
        0.0087596292360276       -0.0372999436400536       -0.0087565869124848
        0.0281947911467740       -0.0385590032343719       -0.0174343710781082
        0.0534843242687399       -0.0396630776703587       -0.0239312479126785
        0.0767565285530654       -0.0446630373913213       -0.0164487097260413
        0.0985742263253282       -0.0485857075516421       -0.0220901298891716
        0.1176570161692059       -0.0437910783349141       -0.0202083080280763
        0.1415433429752180       -0.0375491081789084       -0.0157865229391052
        0.1753701901536130       -0.0413735367396370       -0.0203747181145279
        0.1961459987763836       -0.0338583657835301       -0.0195027751033937
       -0.1987661909931796       -0.0122675429918501       -0.0184799538061798
       -0.1796513759904437       -0.0269597625552411       -0.0244196871680123
       -0.1615952545744119       -0.0172946742344380       -0.0302271600966591
       -0.1453576725306469       -0.0294559180194343       -0.0137979348638163
       -0.1268494130811693       -0.0282396586508850       -0.0262884613623627
       -0.1065320344760043       -0.0251243528869568       -0.0213262651035604
       -0.0876981301282173       -0.0140886098551375       -0.0301729616502442
       -0.0675870612780564       -0.0179091097823562       -0.0168619205025513
       -0.0433725951838947       -0.0146900080884977       -0.0162535547446679
       -0.0211788855022277       -0.0158409529563675       -0.0113971257092847
       -0.0069513674755123       -0.0288379193232936       -0.0255513930641245
        0.0130386140398747       -0.0173820378938480       -0.0190037308580126
        0.0446463755051047       -0.0223522985825795       -0.0142497930863985
        0.0674328201856388       -0.0203200965913674       -0.0212803574256562
        0.0889325972226940       -0.0246625578387510       -0.0194289966447030
        0.1090127175096423       -0.0242239347602078       -0.0191716581023341
        0.1286621125078797       -0.0242277403386546       -0.0243103739297941
        0.1430418465742341       -0.0124555097480875       -0.0128011136162600
        0.1608172965783360       -0.0287196598945164       -0.0147022128984703
        0.1808782813729309       -0.0169372941036714       -0.0181673219673234
        0.1960785656691680       -0.0168981290419716       -0.0356040636633117
       -0.1965205457596458        0.0022422371854310       -0.0370762388112063
       -0.1795757755606631       -0.0040951325494710       -0.0207519103500976
       -0.1610926982732184        0.0038162383895351       -0.0221013241940390
       -0.1441130607592600       -0.0084039181393502       -0.0149354884689967
       -0.1252581606044821        0.0040168944940954       -0.0134765479809963
       -0.1040887204585066       -0.0055982556057330       -0.0112329880981800
       -0.0881297589800493        0.0096651214437255       -0.0329616998787918
       -0.0687146363324397        0.0022585980819283       -0.0275615490570998
       -0.0481769059443441        0.0052923003658692       -0.0225176438787300
       -0.0241238206951315       -0.0005999137028724       -0.0259950185261638
       -0.0051208025291703       -0.0114923009217745       -0.0320280861938616
        0.0308656237763196       -0.0047030009805307       -0.0182068802973835
        0.0516626499724024       -0.0067309084180851       -0.0313810928079942
        0.0653598792659829        0.0049874573479733       -0.0224807219950407
        0.0821571447356580       -0.0016056352632281       -0.0265003763641642
        0.0980722886553653       -0.0021521193641701       -0.0149438303825295
        0.1195181381055604       -0.0024164370114004       -0.0202008936242732
        0.1418956454157005        0.0030866863589803       -0.0269274002051907
        0.1627489819250496       -0.0066181456428663       -0.0220362888537173
        0.1791347656615627        0.0079698893652978       -0.0202919407417838
        0.1990235797627588       -0.0020725735203130       -0.0196295483795582
       -0.1988177188876093        0.0119307440123069       -0.0181430979793488
       -0.1797904829673081        0.0185468614213873       -0.0237795965624973
       -0.1571658594273063        0.0402871155062693       -0.0193581924493908
       -0.1421723686219246        0.0207539215423506       -0.0201962422536023
       -0.1244649175549440        0.0281038789384854       -0.0123884828333047
       -0.1069909859302926        0.0172858765421147       -0.0180565871927011
       -0.0871433207818603        0.0224160107306958       -0.0139701602562988
       -0.0660163543828318        0.0195509418525606       -0.0136171100712771
       -0.0435061183369870        0.0258654471356991       -0.0102825800918699
       -0.0139952199043584        0.0205254623412590       -0.0179119073789427
        0.0041947985774629        0.0247855868249558       -0.0293099279091873
        0.0178896757304609        0.0153717555082179       -0.0107543974131759
        0.0428678478318235        0.0109450941506160       -0.0179146032238827
        0.0643684201444747        0.0245900095767854       -0.0229473852385347
        0.0849834729809164        0.0202053823918469       -0.0164394012592819
        0.0978267569076393        0.0320859455484617       -0.0285758489732700
        0.1225507670459209        0.0188828692960473       -0.0202435113987814
        0.1393399782660295        0.0278964651119038       -0.0301259467252301
        0.1591851824178686        0.0164163094382197       -0.0278535105658862
        0.1791901328029436        0.0306798567963356       -0.0213036934871601
        0.1980440607000120        0.0215480036975403       -0.0177266346461887
       -0.1956736597236434        0.0357978339404639       -0.0207444932590122
       -0.1780721341882269        0.0370279843412415       -0.0117151714995604
       -0.1384969475339503        0.0451602686853373       -0.0229369491531802
       -0.1211504019372123        0.0495990475401459       -0.0110723644555726
       -0.0993091295959017        0.0441356394714870       -0.0143114691442674
       -0.0752933214535759        0.0425374290138642       -0.0178121686807296
       -0.0526244217595216        0.0469022255146641       -0.0185560223339366
       -0.0311402040823135        0.0371754104426241       -0.0193626003100850
       -0.0105336449272561        0.0438575253808097       -0.0231490853060829
        0.0082609128369697        0.0480814245089075       -0.0212927136818755
        0.0242207223994926        0.0354857968380010       -0.0194544983511189
        0.0453033150360542        0.0318786741448433       -0.0203014265178035
        0.0562005300091852        0.0482100696901284       -0.0233053755637742
        0.0778227922966779        0.0432039953716437       -0.0235268820018563
        0.0969593998384439        0.0536007173006929       -0.0257178255452747
        0.1174118434433758        0.0397295858314949       -0.0216224147112942
        0.1374887168081188        0.0464285183083935       -0.0142378867936431
        0.1604100290787587        0.0340488468264722       -0.0175330737632290
        0.1933599588318547        0.0470056516354394       -0.0200597862134606
       -0.1905846015272139        0.0562848392156848       -0.0225726949553536
       -0.1701008217065554        0.0580349961265088       -0.0247211213457693
       -0.1530549009876288        0.0606831560983742       -0.0120320219824925
       -0.1321947129522916        0.0693863895052214       -0.0172443607068030
       -0.1093122999684884        0.0663408247282613       -0.0172589649305867
       -0.0864786308264946        0.0617287435229267       -0.0204335722001982
       -0.0638816609253676        0.0644172466483151       -0.0213147512131903
       -0.0330853400048237        0.0578398375534738       -0.0208581002723227
       -0.0108976567937189        0.0650171519876980       -0.0168096425371930
       -0.0003739050725798        0.0643839727580742       -0.0351804697042837
        0.0135100701225344        0.0663471487750649       -0.0149888528542346
        0.0332582231528203        0.0551458317148453       -0.0197478564511229
        0.0662987740967379        0.0645443621450118       -0.0233001609345340
        0.0844758602265101        0.0654970502939790       -0.0113744625552886
        0.1092194339416257        0.0633548725944363       -0.0142977404970322
        0.1296489171227103        0.0710689084443188       -0.0110886470854109
        0.1509454623988611        0.0515181778724736       -0.0282025864465607
        0.1711134491489216        0.0548408019060870       -0.0189829578901378
        0.1877078623150603        0.0580759493139666       -0.0373221453643579
       -0.1861802717340831        0.0723868596551334       -0.0098513437278205
       -0.1664568992821105        0.0760963699181633       -0.0061140393116703
       -0.1468115752681977        0.0839603289005759       -0.0174051478484814
       -0.1212068918677989        0.0890682111459571       -0.0179055762534520
       -0.0976740151920415        0.0836209834526770       -0.0190082532043183
       -0.0776555181954223        0.0825383831391312       -0.0261279766989764
       -0.0628274444585449        0.0869928735259033       -0.0133838543287613
       -0.0421468875325155        0.0761101192398788       -0.0216925297774934
       -0.0248582956733732        0.0864811564501153       -0.0149575590742568
       -0.0109473417236842        0.0860149014672332       -0.0265744846959288
        0.0089242188651706        0.0830111812875234       -0.0228946233932985
        0.0321609912822340        0.0800363512803686       -0.0190277294682987
        0.0577543383812610        0.0858760790879420       -0.0212293416666171
        0.0826720368353310        0.0790480342251281       -0.0277939414195033
        0.1011980617910794        0.0812505601023276       -0.0153207453473690
        0.1209432307167393        0.0934141927798318       -0.0121009505604147
        0.1389336946804992        0.0872640767104872       -0.0219536149735435
        0.1625537828754640        0.0756255920654634       -0.0213595838985785
        0.1857302163837098        0.0717095177209512       -0.0190271329127107
       -0.1753287075174452        0.0954305867002828       -0.0123631487132918
       -0.1553778082918586        0.0968382861472293       -0.0031414559080522
       -0.1423034813443497        0.1044725273449192       -0.0216411069908046
       -0.1013632104821814        0.1053427988383812       -0.0159608097879322
       -0.0818815250125535        0.1020870630664392       -0.0247029713615458
       -0.0665857396965448        0.1100598145351991       -0.0133829756788968
       -0.0458000768251125        0.1000078937681985       -0.0184464732685110
       -0.0226414361089901        0.1065451177120397       -0.0222289776943217
        0.0016397749213130        0.1011016140289777       -0.0137302742941234
        0.0232675452521509        0.1008183081755610       -0.0149018830788177
        0.0419792560110266        0.1016761040260422       -0.0166445540398034
        0.0625055680516859        0.1081692577541542       -0.0176393189917782
        0.0810784822444664        0.0934992147460858       -0.0134792271523159
        0.0991161677861391        0.1036885159767102       -0.0199292527671896
        0.1381689853246645        0.1116794327195546       -0.0136502148963386
        0.1544407102692912        0.0956288147446310       -0.0150082637731040
        0.1756369381472611        0.0938423970458418       -0.0185814564156468
       -0.1628159308659670        0.1153185747000897       -0.0138780039072897
       -0.1493622147140769        0.1319291606042223       -0.0169004554024401
       -0.1315714079064306        0.1219665059448881       -0.0257468745803695
       -0.1031201824846194        0.1287132301741261       -0.0117333200584247
       -0.0860658179232926        0.1240495897872631       -0.0233522114281311
       -0.0655610561514065        0.1251474191139834       -0.0282829185020908
       -0.0439792456513034        0.1181612608270723       -0.0306715132425605
       -0.0289674618713162        0.1279984732468629       -0.0212296326431358
       -0.0077031340498795        0.1216357203872751       -0.0195701043847518
        0.0172577850463608        0.1182961902944970       -0.0224896677129642
        0.0406408241527100        0.1237029525820000       -0.0197180485699390
        0.0602329006968949        0.1295307292242673       -0.0198464115087910
        0.0814793569298789        0.1170868704532194       -0.0188246993844819
        0.0993230610513319        0.1286532900562694       -0.0177821860778671
        0.1157440524031537        0.1143853516447148       -0.0126272913679603
        0.1482541499979368        0.1324708431424851       -0.0217297660124151
        0.1622628691469159        0.1152032483419289       -0.0199743055557873
       -0.1342834933405276        0.1467963520502586       -0.0204639793759602
       -0.1167875523334696        0.1375320422904207       -0.0273856286753596
       -0.0969440114535960        0.1461927145485161       -0.0292426552564030
       -0.0796736800764695        0.1431605320811910       -0.0191944189476272
       -0.0592909888527514        0.1511136969566592       -0.0255710892575034
       -0.0347211161218267        0.1478342947108132       -0.0239195744420096
       -0.0124427071285603        0.1428692828783577       -0.0124760195035215
        0.0086171369540408        0.1417126442814274       -0.0238744279363651
        0.0254832558421685        0.1381943251890770       -0.0096055411464719
        0.0378608367943832        0.1493144314130154       -0.0242607366808410
        0.0558135667232995        0.1506948580593465       -0.0236181464075804
        0.0781881839920459        0.1403236088763394       -0.0193097393596302
        0.0946056369754084        0.1526557417303021       -0.0277658044226591
        0.1237174019504673        0.1333003132115676       -0.0124309526542652
        0.1330128420689284        0.1470779109349567       -0.0259936912706302
       -0.1171748467223902        0.1605518425328428       -0.0222072320400966
       -0.0990673904014487        0.1723803795831137       -0.0216946287604139
       -0.0787737715716099        0.1623989994046781       -0.0282425594963420
       -0.0627631692560501        0.1698621363001059       -0.0123463452992739
       -0.0424270573888768        0.1693349745087050       -0.0223448632945866
       -0.0203576707131065        0.1602746901540086       -0.0348056822282350
       -0.0005542379799523        0.1611417755278174       -0.0229679710856017
        0.0209095309171234        0.1574824045056321       -0.0364294968176925
        0.0355227914085046        0.1724089082321115       -0.0323175967212200
        0.0507893120906753        0.1725171864178545       -0.0209811893691386
        0.0741722966140539        0.1631921896570299       -0.0269810735090195
        0.1056379679614140        0.1694411077600072       -0.0114162467253096
        0.1152850223871698        0.1611164833284152       -0.0274015032953177
       -0.0786245250915972        0.1831401671213194       -0.0166692301971462
       -0.0611375099689616        0.1881418338027953       -0.0294084218944422
       -0.0401281365114779        0.1947224018107762       -0.0217466986430497
       -0.0195097705377988        0.1792909621691595       -0.0190137157769020
       -0.0044672497510105        0.1784446628582127       -0.0336433336592595
        0.0162771580507197        0.1794492910869852       -0.0224922481944024
        0.0367590396914212        0.1952887430863602       -0.0226070749884617
        0.0710885677678351        0.1853813189623519       -0.0240869696723629
        0.0870132872673305        0.1795848357292992       -0.0133407118521661
       -0.0016663758502991        0.1987893037306014       -0.0219097215011741
        0.0174417044661814        0.1961797789060691       -0.0347747219165443
        0.0358053582926486        0.1909806479517769       -0.0473747655374440
       -0.0318796605823116       -0.1974422973508903        0.0004758977945594
        0.0083657198723910       -0.1995281991074387       -0.0108863453549766
        0.0305516916927912       -0.1976240361056157       -0.0033666717767927
       -0.0908301310860334       -0.1780161775104933        0.0077542147052480
       -0.0688379868023122       -0.1874331993189483        0.0114073387789437
       -0.0527824309899121       -0.1928649217238148       -0.0041396782985950
       -0.0191016455798212       -0.1799909129481270       -0.0069888129959483
        0.0041896458074043       -0.1820120957472835        0.0051173387866438
        0.0193549931232852       -0.1792855113624602       -0.0118396247760505
        0.0577641244995579       -0.1914751963860680       -0.0007450495385907
        0.0794889488817334       -0.1832819467868363        0.0094464270100837
        0.0982782071038225       -0.1741827074193608       -0.0013335766587138
       -0.1194070731227526       -0.1603111916237293       -0.0065017478245546
       -0.1099484454127673       -0.1666505747533033        0.0117866580368728
       -0.0964648352477127       -0.1543404740913348        0.0013549878526426
       -0.0579837684890557       -0.1721510891758663       -0.0012431930436128
       -0.0376496345506927       -0.1775162011004335        0.0085911169142082
       -0.0151916575231869       -0.1640330713947296        0.0056253456803227
        0.0017956593460380       -0.1629164180212425       -0.0063434481775302
        0.0214305372990790       -0.1648458250319345        0.0064317741716622
        0.0390285727429847       -0.1781456756034030        0.0011408322919330
        0.0615534484833334       -0.1687373558192382        0.0062499516654322
        0.0975697711310972       -0.1735576589056424        0.0189176847770117
        0.1164542285227059       -0.1620698364126574        0.0131065165464834
        0.1190774451424378       -0.1604849644858666       -0.0080708253941166
       -0.1395044375116297       -0.1432396925818724       -0.0045719147912060
       -0.1152095871556266       -0.1418936010861514       -0.0063707525553278
       -0.1122747685650062       -0.1428113180124095        0.0189648060465411
       -0.0975057134270888       -0.1320605002668533        0.0058335971174569
       -0.0780185867284485       -0.1458274789887966        0.0062947864228398
       -0.0545484462280211       -0.1567593872356584        0.0097165394391052
       -0.0137806579960901       -0.1440573374152146       -0.0060373747883556
        0.0077260759085341       -0.1439809355637556        0.0043765592514658
        0.0235044517610128       -0.1549765762303222       -0.0135715205067568
        0.0412050698600494       -0.1562000550233332       -0.0039862761742645
        0.0762978769786213       -0.1519348678920555        0.0081028172021264
        0.0911996091748127       -0.1362164291711550        0.0074339917157275
        0.0987300584312299       -0.1546163450657180        0.0004912826752376
        0.1139731209492323       -0.1389586950651645       -0.0062924853671963
        0.1340230290245964       -0.1482420422627828        0.0078819169292822
       -0.1559299851854834       -0.1251128242522868       -0.0057114709757646
       -0.1322398856592339       -0.1259240290478441       -0.0131636875700987
       -0.1234164451984117       -0.1267039993590325        0.0079874628401025
       -0.1101636308576348       -0.1195458807207483       -0.0084761026378377
       -0.0750946725156989       -0.1251664905636473       -0.0031178154841087
       -0.0562446132262175       -0.1404156428094964       -0.0007110960980919
       -0.0369327044665426       -0.1355860184662123       -0.0104109293374022
       -0.0200707411799013       -0.1271166805523737        0.0063352905679242
        0.0068276614584067       -0.1423665383469577       -0.0191373741037605
        0.0186234441989110       -0.1220159220309936        0.0085076029881045
        0.0278648965742038       -0.1347446911367025       -0.0068218850932590
        0.0534560578187338       -0.1448156891186705        0.0093952057182243
        0.0697779512937030       -0.1314517081838854       -0.0059301656162816
        0.0935756507618359       -0.1243748480726304       -0.0083281348108463
        0.1094038684905524       -0.1224862301934517        0.0063587621258597
        0.1321626552176906       -0.1284698439822064        0.0061276713067994
        0.1518474589236132       -0.1301613716192114        0.0006054779900688
       -0.1695144885359582       -0.1060951262867376        0.0029431889882424
       -0.1429756697251462       -0.1150562129725082        0.0054532636313677
       -0.1257559020492201       -0.1044676977663112       -0.0059661151442857
       -0.1055096448665909       -0.0959221432186438       -0.0014467197124212
       -0.0897835593943865       -0.1112006518456584       -0.0053531790551662
       -0.0544044950612458       -0.1183024059635019       -0.0027966454443385
       -0.0329801468267485       -0.1120981240220701       -0.0004957417719393
       -0.0142471682447579       -0.1045661842969851       -0.0002438629900900
        0.0001732751782807       -0.1249655329528129       -0.0045311301930172
        0.0108817816077367       -0.1021236603821063       -0.0009124906272933
        0.0321354837673465       -0.1100952266085774       -0.0036250795654717
        0.0538747844805555       -0.1122031264486483       -0.0025100249347492
        0.0760822514652036       -0.1096425533129674       -0.0023736686369844
        0.0972605826374583       -0.1035982398833975        0.0030076561096554
        0.1228280450242819       -0.1064496481539577        0.0044929726437704
        0.1433462236771889       -0.1119205520557156       -0.0070352908385105
        0.1662693907378599       -0.1111240493032942        0.0024362611296742
       -0.1787538273951402       -0.0890111355204994       -0.0111394319687906
       -0.1695510332761718       -0.0826322839881121        0.0039523010002580
       -0.1497057635651763       -0.0966410108345897       -0.0029909297603953
       -0.1348781808225825       -0.0825750594852665        0.0019344048975014
       -0.1174036193931461       -0.0806825437883199       -0.0051018231974771
       -0.0869906421927274       -0.0878295945288278       -0.0096009211760849
       -0.0688952200436730       -0.1013780212169858       -0.0031799497241685
       -0.0532855614423228       -0.0805121907545935       -0.0001236272483366
       -0.0293463108228332       -0.0872009028554649       -0.0002399080299055
       -0.0037542228207206       -0.0831128824154644        0.0066138911726628
        0.0288731048580615       -0.0866904444636154       -0.0002446028125800
        0.0478574984774929       -0.0892811353376677        0.0012166170124853
        0.0680309801887036       -0.0878002551739493        0.0049987325286412
        0.0871757802562796       -0.0875787904939286       -0.0038960180793680
        0.1122686748358272       -0.0878531661854880       -0.0001411839024669
        0.1259529965709841       -0.0738725769438370       -0.0002583301737317
        0.1375489912044689       -0.0908571521335517       -0.0010788734157843
        0.1565967656897501       -0.0938650137535385        0.0019999618607870
        0.1792558879384729       -0.0886466294995368        0.0030169055815809
       -0.1877725227716638       -0.0687797171449293       -0.0032909298676814
       -0.1680532452694735       -0.0654946028779019       -0.0147197588050994
       -0.1530338664166377       -0.0716308780329307        0.0038111557497450
       -0.1526709518506615       -0.0521310672852724       -0.0068350828648813
       -0.1304024669386133       -0.0608223605554765       -0.0038695182646787
       -0.1055992244770492       -0.0617740178942992       -0.0050585349355145
       -0.0732341497808970       -0.0773079852516552        0.0012866810107970
       -0.0400393880508053       -0.0655521195768498        0.0004552088987257
       -0.0187339759153212       -0.0727880202264316       -0.0072609290484356
       -0.0019189132683442       -0.0592594860317432       -0.0021280549484597
        0.0369329371686417       -0.0653497973142739       -0.0002785556189816
        0.0548549510829018       -0.0687005008533133        0.0102036912466388
        0.0744996385693872       -0.0686451471275028       -0.0044237273557533
        0.0998594716646155       -0.0708158432385830       -0.0000815563609030
        0.1126886579466538       -0.0548047744392429       -0.0005307900241102
        0.1358666083814955       -0.0505600652655862        0.0020482878673985
        0.1482354771507161       -0.0693434176075840       -0.0020378353497380
        0.1717925974791264       -0.0595347932710046       -0.0064896055458688
        0.1886005523297970       -0.0659495267001747        0.0089717122897564
       -0.1942913488783989       -0.0474422408907600       -0.0003249336513889
       -0.1746444613136024       -0.0436331398339469       -0.0100185111442238
       -0.1574371855251026       -0.0382252586029428        0.0073379933509826
       -0.1351029761105253       -0.0383244782066318        0.0024028811703998
       -0.1171475202776295       -0.0417988163096115        0.0051097619376725
       -0.0936509809803465       -0.0425226540533788       -0.0060666985639949
       -0.0631320838615438       -0.0561602363778547       -0.0025135926806930
       -0.0489513828869292       -0.0458521661609112        0.0056771885633479
       -0.0251228752068660       -0.0500011388133554        0.0033914797999207
       -0.0042661307857141       -0.0378787644967241        0.0094425891748431
        0.0190798799444118       -0.0468373069005570        0.0058247448671510
        0.0408890283342856       -0.0415657483043796       -0.0006898733350343
        0.0601343893367909       -0.0523316628561865       -0.0037951447708933
        0.0866364516141030       -0.0511595092915038        0.0008581072622885
        0.1029197983848541       -0.0368351450969718       -0.0011394613785308
        0.1238238455922976       -0.0328404368125528       -0.0005222649767836
        0.1624391377758266       -0.0343105840645742        0.0116199125223817
        0.1763296558436378       -0.0511001224070380        0.0131052126388860
        0.1939925171451011       -0.0485414613925422       -0.0032603397081012
       -0.1984247323609985       -0.0250514205908465        0.0002279063533322
       -0.1823193492683536       -0.0129517879178341        0.0001189853963786
       -0.1651177688011178       -0.0212966988729669       -0.0078724481116434
       -0.1468902785430905       -0.0192318927248064        0.0070217706133327
       -0.1248690353198530       -0.0191984979013785       -0.0066772099309606
       -0.1055022200872466       -0.0250109823525039        0.0021377257720947
       -0.0865844003038527       -0.0225504696231697       -0.0095795437137542
       -0.0705754557071619       -0.0352903662773753        0.0008077936680587
       -0.0543909495599402       -0.0219516798165316        0.0044431977300793
       -0.0363758361430019       -0.0316510859745191       -0.0019912519939102
       -0.0026697907793983       -0.0183026115333707       -0.0020473644285511
        0.0266677102318854       -0.0219647834895187       -0.0010601969402717
        0.0545634319709461       -0.0064173489108188       -0.0065267998210454
        0.0618902641021633       -0.0307082907964075       -0.0024043034882885
        0.0823280512011638       -0.0286675213703349       -0.0001434673522695
        0.1016616466909744       -0.0148686907117104        0.0016937806491829
        0.1243452377196519       -0.0142708398199583       -0.0016824975632867
        0.1450271731621399       -0.0282069803382315        0.0045840700987495
        0.1639245790819005       -0.0139130809291918        0.0002112070599619
        0.1807353705765821       -0.0307126809452081        0.0007368601608779
        0.1990444465310658       -0.0187623633614246       -0.0054112883758138
       -0.1999969653472519        0.0010089050041341        0.0004426511324869
       -0.1804462662973664        0.0118711992750864       -0.0029914356212341
       -0.1623050252195261       -0.0004379599656561       -0.0005743776479908
       -0.1455829573012330        0.0114086587759513       -0.0019728415619686
       -0.1371966951269655       -0.0024563476417513        0.0073601603793573
       -0.1142377647252533       -0.0028684011109812        0.0077829862328079
       -0.0834158667964810        0.0004164605880310       -0.0114131821551041
       -0.0584322090914511       -0.0006059662414105       -0.0050645574458578
       -0.0328872271825445        0.0065755650071104       -0.0077891922029550
       -0.0160222266585228       -0.0022842948077526        0.0054934447412910
       -0.0043228765743426        0.0023607105076730       -0.0137642195085307
        0.0141442010331094       -0.0024840849630021       -0.0015788159172666
        0.0363018399727758        0.0017582157569604        0.0029467379234381
        0.0725657679873003        0.0111092786011794       -0.0021486346031284
        0.0771990659081020       -0.0091819144041170       -0.0039200401057557
        0.1142755386498733        0.0061871448520192        0.0011537174956301
        0.1344727802461145        0.0079103026892203       -0.0046882885716753
        0.1450098061406664       -0.0056391286770728        0.0077809307479875
        0.1582472723748280        0.0083657052273577       -0.0067057755796675
        0.1809691282565576       -0.0028286452022026       -0.0006774452112693
        0.1998661904945965        0.0072147016170467        0.0012058155124624
       -0.1982692112432068        0.0262449745718016       -0.0007219334882084
       -0.1796715609262354        0.0309057129617302        0.0091363984235743
       -0.1626844411659471        0.0230338078086551       -0.0090475327376247
       -0.1426585310973742        0.0331020004528690       -0.0008852519781774
       -0.1232430117725695        0.0167396087038006        0.0049957198116257
       -0.0987336044228034        0.0130423117401519        0.0026825298877881
       -0.0820657731357665        0.0322497914394465        0.0021793204337608
       -0.0612118526525079        0.0343437805230749        0.0005533832888219
       -0.0513207537233138        0.0156619856385951        0.0065780171266271
       -0.0206379259315834        0.0215755348382857       -0.0016604286649833
       -0.0000878429950484        0.0158962503579749        0.0037981388123655
        0.0315674584479242        0.0250131422249289       -0.0003973716202322
        0.0532176307264609        0.0187162743365898       -0.0015010533546649
        0.0665567733330188        0.0342801096164356       -0.0048618677929734
        0.0860409120430626        0.0271143988212431        0.0055128914548602
        0.1043312094880435        0.0206397865779903       -0.0096428091840956
        0.1240222612234918        0.0294000098599424       -0.0000033116032120
        0.1439445320083203        0.0260230559462213       -0.0090821187243224
        0.1612874640227243        0.0264690801234759        0.0065331790898156
        0.1792425416900726        0.0199862136679813       -0.0016762224824763
        0.1968440100954224        0.0353490235180291       -0.0016977154490277
       -0.1938548087050433        0.0491816926455546        0.0012141839126058
       -0.1742460795347253        0.0538979403031351       -0.0018451174111635
       -0.1591917117815186        0.0447039933004592        0.0045523802621992
       -0.1256518903415942        0.0383330750014401        0.0113380400172267
       -0.1060839532563336        0.0333031941383685        0.0012512980333563
       -0.0884943572547217        0.0522931969758680        0.0026114649435509
       -0.0669159316208878        0.0535040928522800        0.0014286103513179
       -0.0422488283032613        0.0496056828658590        0.0003091077505848
       -0.0188503812466738        0.0464787387304075       -0.0035844476519261
        0.0022771321798039        0.0331536876966125       -0.0074185975876618
        0.0219761119269600        0.0465309855688149       -0.0004545523508370
        0.0437091416566413        0.0427374060550494       -0.0029177405589135
        0.0641881261791826        0.0551769405990300       -0.0006386749020510
        0.0862549927102595        0.0459100484743741       -0.0048968418446347
        0.1045733982788346        0.0405976848167384       -0.0046730742846990
        0.1391855281057159        0.0410573523245421        0.0102359402803686
        0.1559398657289391        0.0476198611213213        0.0000015952336735
        0.1767475170655855        0.0429877077235876       -0.0006411980345610
        0.1930266170102839        0.0499335829923183        0.0157277601986453
       -0.1871975556471201        0.0697819794340889        0.0093568436122971
       -0.1674770752846531        0.0661626645346728        0.0148156254838774
       -0.1458823579297363        0.0737400746001979        0.0041546099215222
       -0.1373246191970285        0.0540952220266583        0.0016950975860192
       -0.1112209986336356        0.0566450941934947        0.0055494607010429
       -0.0979318023649304        0.0735567140355499        0.0004112209476961
       -0.0773483137844859        0.0728349541907315       -0.0029064281954541
       -0.0531301938187671        0.0672076985585195       -0.0021696613066555
       -0.0280085839956903        0.0673634663703184       -0.0025925941711427
        0.0026709776126300        0.0558479342263974        0.0022325224248531
        0.0268320544068731        0.0656738593244744        0.0011764755026363
        0.0484124870553629        0.0659457459800649       -0.0090792256132188
        0.0685029777804549        0.0784023021825424       -0.0037776244826967
        0.1024647352197510        0.0622751801949677        0.0035996077268807
        0.1245530623135345        0.0538023882852675       -0.0004844881383728
        0.1455313297181152        0.0643939385729786        0.0090333369891019
        0.1489532164041994        0.0674931813967902       -0.0117216414971565
        0.1691678948838815        0.0660605061144093        0.0007615675424731
        0.1905972607982922        0.0605664238508820       -0.0020958181000909
       -0.1787203556698389        0.0893491472290494        0.0087042731871780
       -0.1584896866485696        0.0870194574953064        0.0161387499096736
       -0.1337413706106156        0.0930391194239356       -0.0003359452456450
       -0.1227409505923175        0.0744299788062174        0.0011756409121946
       -0.1076327738169602        0.0933181384517479        0.0003148050116970
       -0.0823558396318934        0.0934056227828523       -0.0023246374724805
       -0.0580900206974349        0.1016086025947426        0.0040055395680574
       -0.0438275590775787        0.0853878917988471       -0.0012833135480865
       -0.0222605281868544        0.0860138014414464        0.0074164031412341
       -0.0043501586605818        0.0792149387277277       -0.0031210863407837
        0.0169789913708096        0.0860027328526374        0.0003140049663698
        0.0420789369179011        0.0831516827954590       -0.0009736162505160
        0.0566316584828305        0.0956572780405275        0.0018252200638930
        0.0895461246223595        0.0818851143508049        0.0061281459625283
        0.1138130189451333        0.0819978156671637        0.0036377113463379
        0.1234270481876905        0.0717852939148591        0.0136989053941764
        0.1382584795894721        0.0866786404018489        0.0033006472317874
        0.1592998894947088        0.0846194158098722        0.0032804396858940
        0.1814414719968785        0.0841358234014779       -0.0003942713297563
       -0.1678500083622616        0.1083676322121149        0.0091011522378881
       -0.1447774551374253        0.1060205406238670        0.0171001639535488
       -0.1205892177474796        0.1109867038177287       -0.0097116234653914
       -0.0993837660822793        0.1008362235154237        0.0161890051726383
       -0.0867870971124427        0.1133386701210014       -0.0013680259674148
       -0.0462894666647327        0.1201115714950209       -0.0064589201404412
       -0.0332897425026355        0.1048225916012474       -0.0008255454849772
       -0.0108477346132788        0.1035572908351800       -0.0010211620694164
        0.0038297384698819        0.1250072760654357       -0.0051705681505623
        0.0106853104544842        0.1064986565805534        0.0063080647437087
        0.0332624365531282        0.0997357936563167        0.0070255299810387
        0.0505468521882329        0.1160809275982570        0.0006237185650754
        0.0757669716098772        0.1028469123510197        0.0025039256485035
        0.1015633453479358        0.0991621257707212        0.0022724751354711
        0.1235375929057943        0.1051380204940115        0.0073300742441900
        0.1472848070168446        0.1059430727195095        0.0054571847510739
        0.1699053322722040        0.1055074595686348        0.0005950489492267
       -0.1556127738941104        0.1254286177702831        0.0072337018022439
       -0.1402019451368927        0.1159150387220113       -0.0025685066464511
       -0.1281569514504971        0.1252936804044496        0.0142582368605517
       -0.1072207881901956        0.1191606585297337        0.0069353503727273
       -0.0692140919292632        0.1305748473532532       -0.0058982054907393
       -0.0505414900587444        0.1371708688895822       -0.0152953849497623
       -0.0318967812059028        0.1399317375742598       -0.0003725002975665
       -0.0212525148852241        0.1219530589331899       -0.0005140930167727
        0.0143378708971423        0.1317720720985481        0.0116048225211276
        0.0285465349479755        0.1188384643679147       -0.0013822651027269
        0.0470811428027511        0.1375822095665795       -0.0035795933058327
        0.0661856433809421        0.1467319824859803       -0.0024810748414833
        0.0699336554363971        0.1247767840570390       -0.0000136633606584
        0.0923100522372999        0.1149043468258510        0.0016026086868775
        0.1095770697936854        0.1243787767266544        0.0041945130196598
        0.1330354754681528        0.1245429474751451        0.0051214560956085
        0.1562754791366214        0.1248099032596917       -0.0006801906339259
       -0.1416777260895147        0.1411269705584431        0.0032557831602671
       -0.1239276155430216        0.1331255198004001       -0.0065887367958120
       -0.1034869532013975        0.1499030874318597       -0.0094483075438165
       -0.0883213981401778        0.1361333670228914        0.0019080575347906
       -0.0649478014054580        0.1508345820551285       -0.0016387255972293
       -0.0431814982179805        0.1567208689654598       -0.0017884336841853
       -0.0103445071907419        0.1415667213823783        0.0093412956839717
        0.0075044160693866        0.1476949759184461       -0.0021231156524202
        0.0292000912641454        0.1501872799048931        0.0104596886735829
        0.0417355806475286        0.1585105942977883       -0.0043165654158368
        0.0655332238078963        0.1672617289633322       -0.0081542258051354
        0.0888001589001585        0.1362352757408420        0.0007600597645149
        0.1060499028066878        0.1470177310256187       -0.0080012814607133
        0.1166853640238860        0.1423589001230202        0.0116482512846280
        0.1408810754636901        0.1419490312344449       -0.0017306525761015
       -0.1257118892713977        0.1555517993199534        0.0003982528216264
       -0.1092846235714304        0.1674987206215958        0.0010245257638419
       -0.0847219326125040        0.1600185794359334       -0.0063983734392316
       -0.0550518747146105        0.1733414166535444        0.0066830227134600
       -0.0378465458116251        0.1788953738709274       -0.0055310811747144
       -0.0222712506196954        0.1608981231258459       -0.0107315817457333
       -0.0022264922898890        0.1640240324194005       -0.0006853268070307
        0.0206811079238330        0.1613025794611876       -0.0132642893329327
        0.0341625985498985        0.1786373250360345       -0.0077337038409447
        0.0531622890899545        0.1753697930487175        0.0051614273240431
        0.0864747252267102        0.1580703977599665       -0.0062540067098322
        0.1130851867769101        0.1646594573189277        0.0099500578034434
        0.1252395843310031        0.1558264362118711       -0.0057591951979853
       -0.0921069309982204        0.1775282419401022       -0.0001912495109637
       -0.0745540852783779        0.1854682815221302        0.0065730445847563
       -0.0573225268326856        0.1914900041153581       -0.0067606397845572
       -0.0190562258726759        0.1806864966461494        0.0045420939991583
       -0.0007545937622990        0.1820502676738392       -0.0095643299130505
        0.0171935628982194        0.1819118584236584        0.0026699465276883
        0.0548024376161942        0.1920886862809355       -0.0099312368314428
        0.0729424603984281        0.1862166511469235        0.0016602188006399
        0.0933907955641453        0.1766878859542014        0.0077168830217319
       -0.0211754319005915        0.1987007734528689       -0.0083428852752191
       -0.0013197769946293        0.1999563200644467        0.0039658873235566
        0.0182573640491978        0.1989444711877781       -0.0093683551580133
       -0.0090127516384866       -0.1997532347173052        0.0041731919446747
       -0.0008053885060520       -0.1985052345756732        0.0243930970616567
        0.0162181872443386       -0.1989953366915930        0.0117399475753233
       -0.0773539504370169       -0.1820225629036876        0.0297347095218086
       -0.0493479689130738       -0.1927838120796476        0.0199794835904238
       -0.0267243549299325       -0.1970887609432629        0.0210197328687735
       -0.0152012592455008       -0.1806243929450768        0.0173566400699306
        0.0028604224754177       -0.1788883323288502        0.0310462847454263
        0.0251675342972689       -0.1795976723833671        0.0219919881280969
        0.0400073844218732       -0.1952442934945265        0.0167055396611714
        0.0610217750002380       -0.1893013557309951        0.0210080867184858
        0.0782201835370242       -0.1809861370667767        0.0335502769765466
       -0.1161360039758001       -0.1594259245056781        0.0331029181188064
       -0.0965172505585526       -0.1723850041845894        0.0311099767490710
       -0.0764354979763057       -0.1656490789647401        0.0145642222036501
       -0.0552510357275687       -0.1722269654653890        0.0244562865294171
       -0.0327264574225921       -0.1630593407069553        0.0212362049204956
       -0.0122304545803187       -0.1614186018369136        0.0329716808390471
        0.0049305755685374       -0.1638500671733716        0.0181926577421382
        0.0241627125117695       -0.1592835312478146        0.0319599884270304
        0.0415503353124750       -0.1628304809101270        0.0183143657043528
        0.0531544232083947       -0.1745511621888783        0.0265780418850688
        0.0758659771415770       -0.1648432712324194        0.0250975109220243
        0.0966101907278415       -0.1706128966397299        0.0394678419839663
        0.1144460229104304       -0.1603675695365568        0.0344143940307763
       -0.1336189294232345       -0.1448426290238030        0.0341554461165896
       -0.1293421229535998       -0.1520054753761022        0.0128433138758166
       -0.0935670511750516       -0.1541282385797791        0.0236361259604373
       -0.0866288752073530       -0.1362416703851120        0.0275696899372391
       -0.0688126083126959       -0.1515279908723616        0.0290172513024159
       -0.0467823629689194       -0.1482567766292923        0.0277283102482492
       -0.0338907395810748       -0.1458024224311404        0.0083404709383274
       -0.0132341223754663       -0.1476008450920605        0.0170255863145137
        0.0277216559852954       -0.1444275769713448        0.0126207668438789
        0.0398827404863627       -0.1428182423302585        0.0292316425332992
        0.0608578304259908       -0.1521990689597225        0.0288236886586506
        0.0794411104294750       -0.1386871618586049        0.0284122279906442
        0.0950937580458299       -0.1526062310511497        0.0231837558818651
        0.1134304518161408       -0.1412990529939563        0.0179743144805234
        0.1312903783107252       -0.1477898026349829        0.0303481594937077
       -0.1607988751882860       -0.1175597311178481        0.0179841986954598
       -0.1461212961053290       -0.1357168935236033        0.0151489818433309
       -0.1286630895462461       -0.1234490200828374        0.0259235703684988
       -0.1060560868064416       -0.1252815526575270        0.0282420888885972
       -0.0844460903387676       -0.1176763909819030        0.0157941310527059
       -0.0651067147050241       -0.1336481521811585        0.0165104952719825
       -0.0428777650255951       -0.1263688858930793        0.0133818006554546
       -0.0282766301664616       -0.1341288302741462        0.0275381849560712
       -0.0039048648645321       -0.1280366639522449        0.0190000150165159
        0.0168631155825845       -0.1301355599988011        0.0280964557541436
        0.0429703474400268       -0.1263832873253940        0.0101238825701186
        0.0677563226689903       -0.1288106471716558        0.0124046958076597
        0.0862065254273504       -0.1169595349049537        0.0159849710307428
        0.0997900386539729       -0.1271579856264810        0.0282930664136568
        0.1253631201528078       -0.1224073162995330        0.0243624010246279
        0.1464433765209510       -0.1340352739006631        0.0242669083180268
        0.1594610118669004       -0.1187806602213590        0.0215253444101658
       -0.1740914958460275       -0.0959527452152181        0.0220277504100730
       -0.1526334316328608       -0.0939384775756324        0.0175530280208072
       -0.1286607311924083       -0.1011008563541916        0.0139057087848236
       -0.1073032139389778       -0.1097093261907858        0.0132307245656403
       -0.0850624938424405       -0.0969356848986354        0.0121189951938359
       -0.0633066506880641       -0.1119560028001821        0.0171561349635441
       -0.0439506278839838       -0.1012188559053718        0.0133620813717805
       -0.0228521463453238       -0.1117015083168778        0.0230517425564982
       -0.0024936447334470       -0.1080736635859880        0.0132954807413678
        0.0153466873267307       -0.1078340948385407        0.0245673164279844
        0.0364817224020616       -0.1033779140658839        0.0150937285835315
        0.0605368928104708       -0.1090439580734756        0.0167826546845657
        0.0792101289896280       -0.0966157032867204        0.0195310981398221
        0.1091365597837737       -0.1072096047360496        0.0231930973666434
        0.1403513950148478       -0.1073261125891200        0.0168983791433859
        0.1559196873858506       -0.0979865857683070        0.0253718456785678
        0.1731468498737573       -0.0977899693359245        0.0213843471076463
       -0.1838742593703850       -0.0762941789050265        0.0192212123439164
       -0.1640051345950807       -0.0745074496987000        0.0261202632229357
       -0.1393564941760678       -0.0778838695588966        0.0214672473679853
       -0.1152807434659510       -0.0853201275828315        0.0182266783998190
       -0.0967683243058446       -0.0754159038241959        0.0072417704756398
       -0.0797185537524620       -0.0766602843305494        0.0219518254662049
       -0.0617495187276307       -0.0907199730989381        0.0175415012109433
       -0.0414763670009286       -0.0786310044977863        0.0197440164049184
       -0.0219619791899165       -0.0921454595118181        0.0182031726230777
       -0.0033460539809951       -0.0930476693080289        0.0287989785818566
        0.0156963448614753       -0.0893234326865514        0.0165099173366938
        0.0354939383745510       -0.0776357136282998        0.0213910850637988
        0.0533733022939399       -0.0901000853525706        0.0226231041535301
        0.0683750866173009       -0.0771376722667589        0.0269030613679025
        0.0999096485328735       -0.0882296425075091        0.0194484164231500
        0.1244086405518142       -0.0895172745412802        0.0203588265834886
        0.1440020785515239       -0.0810734306490115        0.0181138831208752
        0.1660956892840319       -0.0747950214755215        0.0106499044866621
        0.1826638221343432       -0.0775291816430195        0.0249630541944005
       -0.1911992875479658       -0.0554333171893921        0.0192348592021288
       -0.1718385009561253       -0.0580813324469575        0.0083755535974852
       -0.1567099837293241       -0.0539056633478082        0.0232543362259990
       -0.1396318909374722       -0.0563094459469942        0.0153066407234574
       -0.1188559153347066       -0.0648828028372830        0.0132305548322795
       -0.0820576637139460       -0.0561383195034979        0.0104328672314767
       -0.0597538544165748       -0.0653321952183181        0.0172098779879513
       -0.0382112979771046       -0.0582170944094828        0.0232884126539845
       -0.0199448421304901       -0.0678551714677186        0.0141820182652099
       -0.0004880245286628       -0.0722290464611303        0.0258740949377931
        0.0164125504904609       -0.0682373557266498        0.0105339568247677
        0.0370857834685459       -0.0560748965828485        0.0189948475612309
        0.0714755022286392       -0.0565599127453646        0.0165867741404197
        0.0864671975006999       -0.0731774127317588        0.0162158350754675
        0.1123148548113607       -0.0689273191902772        0.0189715845151822
        0.1317486348032819       -0.0645839712650017        0.0172713030056990
        0.1553711253370058       -0.0578987286704808        0.0167439689189464
        0.1682672783505157       -0.0537651114624934        0.0342669166759213
        0.1900499075894537       -0.0543543655773135        0.0304406897516763
       -0.1959813489389494       -0.0337296800316137        0.0212983468844391
       -0.1776893938688963       -0.0342713582363988        0.0090955417915185
       -0.1410028415415396       -0.0350506493381099        0.0258445854930948
       -0.1224119179192732       -0.0425412301383793        0.0247895891461402
       -0.1015202424831748       -0.0499852775606335        0.0144448439571445
       -0.0856431949326517       -0.0312043191207902        0.0137657111765339
       -0.0657000817969425       -0.0433599445861126        0.0204708371110607
       -0.0431400768088360       -0.0355165692390700        0.0217082209966497
       -0.0217807769213267       -0.0429276905333643        0.0230677520228583
       -0.0017285724859847       -0.0549929574566214        0.0190134695443538
        0.0115146751336974       -0.0372398693751253        0.0256635794240298
        0.0323513046582847       -0.0353781114729883        0.0196269644184010
        0.0540976918333613       -0.0417653555120319        0.0173695206620561
        0.0758247217506645       -0.0371603762788084        0.0183165089568391
        0.0967245825442891       -0.0533550392230292        0.0185180663106771
        0.1188379020517474       -0.0437037091930403        0.0188985948788797
        0.1416029559321254       -0.0445017427235725        0.0227128181577930
        0.1778613934495846       -0.0329800858664300        0.0273533249673748
        0.1959405463182146       -0.0362466421835528        0.0171313535537716
       -0.1989174546458962       -0.0099523308175790        0.0182427336796463
       -0.1815564263287539       -0.0188086893292116        0.0249910792779104
       -0.1597593726914029       -0.0289925897044586        0.0276920668680567
       -0.1433064630334160       -0.0115542419708178        0.0285792719393386
       -0.1248608336042543       -0.0203884112515748        0.0159682576714209
       -0.1053120528933288       -0.0277682267905921        0.0234184656906189
       -0.0737835615234860       -0.0115697471466614        0.0066417861938007
       -0.0656594233260210       -0.0221142332497482        0.0231835855212216
       -0.0385718227953812       -0.0079920402562039        0.0055875551889354
       -0.0240293176580088       -0.0246198823246487        0.0113921337383166
       -0.0075845383092983       -0.0204098251920517        0.0230163190439515
        0.0135387622796710       -0.0224037626220305        0.0122947721831473
        0.0440824114939815       -0.0192705681589865        0.0102713582018178
        0.0647518793907307       -0.0182492466418174        0.0146489362107232
        0.0859914721227712       -0.0132192361214096        0.0185169940495083
        0.0965090989116925       -0.0329495792871241        0.0192167423068103
        0.1132083042136655       -0.0213658959676023        0.0181101542969659
        0.1348880597546889       -0.0228433622667042        0.0208524174400855
        0.1584268953226706       -0.0154972774129578        0.0237015255932011
        0.1794185196100884       -0.0144477911961551        0.0180080452286413
        0.1990598558349333       -0.0148714991191363        0.0124101691458607
       -0.1967672643021264        0.0028874520412972        0.0356974273847609
       -0.1796313608174361        0.0051348128412254        0.0164051086308402
       -0.1651629094998225       -0.0139149187288625        0.0167489665647415
       -0.1564360544703640        0.0042554655689294        0.0215685323361602
       -0.1275186738200756        0.0025735499031430        0.0270677307657467
       -0.0927675664866683       -0.0083524461182085        0.0108843228842381
       -0.0914122043185409        0.0116108925862511        0.0232439757068878
       -0.0767972984576103        0.0003738155083297        0.0280248760242093
       -0.0570627845612786        0.0003128720308377        0.0196632444959365
       -0.0237061145265140       -0.0062525220164899        0.0267846760168582
        0.0021368186045021       -0.0016215895002546        0.0170496407751644
        0.0253671949325314       -0.0048927128816614        0.0197635933589739
        0.0605261750105891        0.0012864555828768        0.0123286895606046
        0.0678074794644861       -0.0023911478681736        0.0321967759248778
        0.0834103240287113        0.0087514426211356        0.0214711023086325
        0.0925369170204715        0.0053857654356283        0.0041663232749799
        0.1255618391788884       -0.0013041809900740        0.0172574617380904
        0.1412832169117418        0.0009695447745141        0.0287844220160599
        0.1627026576765215        0.0044983859779432        0.0159546507622624
        0.1808614098184191        0.0121046038378843        0.0181155643615435
        0.1984444063443432        0.0019937333722847        0.0248161764248099
       -0.1985394356278653        0.0154529853465894        0.0185282956727553
       -0.1800094552683594        0.0224565185551656        0.0314876050002590
       -0.1619689507110717        0.0223728920402441        0.0124598865887861
       -0.1401173248464170        0.0191348322363234        0.0195729673171459
       -0.1108560185631842        0.0179833177562965        0.0215463785917164
       -0.0926102911857902        0.0329964481093703        0.0192853283709155
       -0.0755820038728605        0.0109877594516326        0.0060374800983903
       -0.0683886901882702        0.0231321044551326        0.0207139190170626
       -0.0346444686064922        0.0093955648418830        0.0173513505607808
       -0.0163921252758160        0.0150935097953137        0.0195787166298399
       -0.0012323174043237        0.0218146918132036        0.0281541931565962
        0.0196482659663298        0.0153370804677491        0.0153317296403857
        0.0440438160313314        0.0180507550705413        0.0177745111327732
        0.0672185792936505        0.0209562837547409        0.0199498953408282
        0.0883402719246750        0.0303482014926434        0.0292415487004867
        0.1045073326830697        0.0228715499876699        0.0147865786722464
        0.1234356351160370        0.0196180469692369        0.0194929549755088
        0.1433446755854219        0.0179951326063562        0.0135023858425632
        0.1611662157511204        0.0197905391133388        0.0316875061767394
        0.1775235903836107        0.0333176523312103        0.0202658525070684
        0.1978529313457258        0.0245994007247449        0.0157824922218400
       -0.1953807819276541        0.0365531951057249        0.0221407762576035
       -0.1706942954232185        0.0431003979955934        0.0242452628135477
       -0.1459349945375046        0.0395093320268114        0.0222341396424224
       -0.1239689597430274        0.0284785733969070        0.0305393939426815
       -0.1097007310295621        0.0438969385392263        0.0234596337230613
       -0.0742045947068110        0.0449235897195538        0.0213122857510752
       -0.0517237630739084        0.0393788021226948        0.0183107030597900
       -0.0338281710217550        0.0311744680023805        0.0090437534249421
       -0.0109363802876607        0.0375010685956997        0.0116737320146909
       -0.0011365959100871        0.0465203396946782        0.0254992671061673
        0.0115888708497819        0.0341974900041189        0.0121259814954588
        0.0317642647566417        0.0368996705453683        0.0200509101676329
        0.0552397476340885        0.0376144610679175        0.0147212707447840
        0.0751613923521087        0.0430847348680120        0.0158769555291941
        0.0961930230991562        0.0455620446965367        0.0180530298241812
        0.1153428985353796        0.0440338127243452        0.0166118992201982
        0.1331518005528099        0.0355584901655528        0.0299812893932595
        0.1552335345488215        0.0376235971700772        0.0241311137405799
        0.1933536373181410        0.0385572326355538        0.0335814050155506
       -0.1899076058046294        0.0576614575205722        0.0247033920934680
       -0.1695431789705520        0.0585308099066254        0.0366132447756539
       -0.1499493206099510        0.0597217234774978        0.0217793416882392
       -0.1277135468534730        0.0613775192780499        0.0203603805389415
       -0.1130650483271117        0.0798108310143940        0.0192066661700170
       -0.0953896132739101        0.0614191444861476        0.0203251765062772
       -0.0546667423286954        0.0585619401556292        0.0222386417673356
       -0.0300589155784327        0.0521209828391873        0.0183292154800097
       -0.0137822556416178        0.0635646775376323        0.0132735202831350
       -0.0017477702167855        0.0677005847688499        0.0303896019383818
        0.0191818919807633        0.0549883944121044        0.0224946632224970
        0.0420646524381162        0.0555649150063973        0.0131288857505253
        0.0553206742502728        0.0723485290986957        0.0136337324151691
        0.0804262426489904        0.0638351523339618        0.0122563544550376
        0.1026796779861968        0.0663987586654696        0.0232071708419103
        0.1271522498177128        0.0576507373914982        0.0249885641670502
        0.1488646824512699        0.0553649224579443        0.0296134691122184
        0.1700521943057676        0.0546120358586385        0.0200355150054119
        0.1873943346151288        0.0594703279385955        0.0366966410736627
       -0.1810799089726929        0.0795911606275756        0.0295857015007726
       -0.1590809002945960        0.0785153520127761        0.0349273990847264
       -0.1369455336651065        0.0823566375184586        0.0215908550898878
       -0.1231102263618858        0.1026614994146953        0.0140299708866885
       -0.0891582108120969        0.0836247456024808        0.0182769242858037
       -0.0748520869659078        0.0675941758806029        0.0197736955448483
       -0.0633007508380424        0.0830269351232629        0.0129044068223256
       -0.0397043062439759        0.0719106197832840        0.0160444896808728
       -0.0196837809856818        0.0802858143780941        0.0265260238576869
        0.0024589084782384        0.0863991615480765        0.0378444936844092
        0.0094604180642899        0.0737198194134234        0.0156099819683381
        0.0318212678407199        0.0769797765621724        0.0189713045887082
        0.0695829304337196        0.0859496197158167        0.0188687878289157
        0.0827706090601248        0.0756684212834796        0.0301064787632567
        0.1045247932841274        0.0864372309917883        0.0235914950600834
        0.1254216066133218        0.0939058621473617        0.0238708010106478
        0.1407256299431894        0.0772794400520794        0.0269234152273578
        0.1629492756573783        0.0745839000674188        0.0234997645614075
        0.1855526771078616        0.0724433675826759        0.0179488854994516
       -0.1709304167356790        0.0991627768843761        0.0308145473954238
       -0.1474550174328332        0.0972430633978575        0.0366927326160886
       -0.1336218969500031        0.1179072117823133        0.0335208838247324
       -0.1107853198088202        0.1144130949118040        0.0300480733267367
       -0.0762955243733112        0.1017676958722069        0.0186376035649822
       -0.0672678791309625        0.1194495086101685        0.0090446958299810
       -0.0413294365352483        0.0938654635437752        0.0190315772820669
       -0.0214825887297078        0.1052653469565008        0.0201783241485155
       -0.0020056770670275        0.0912723989506000        0.0167858426740559
        0.0215820856014235        0.0943563414464176        0.0253628301688820
        0.0473683008558821        0.0910792696959117        0.0235330071861745
        0.0622716194778166        0.1096571613225533        0.0197655784897128
        0.0857142435506455        0.0990707388395522        0.0222213042180584
        0.1055917521844762        0.1099805520307472        0.0227913753070060
        0.1383580625942130        0.1122959449331082        0.0258302534332428
        0.1512904873095923        0.0946045229419055        0.0241430229873957
        0.1753790676317142        0.0940690990258414        0.0198289498207943
       -0.1592100713055686        0.1172113420785213        0.0302267179226968
       -0.1460288824809626        0.1341112223437191        0.0262630068405491
       -0.1167313321991122        0.1364693940106050        0.0318776036219641
       -0.0973993916643195        0.1348173950583532        0.0234151325185401
       -0.0874510529606048        0.1200182229879529        0.0218684119531913
       -0.0510916872407387        0.1357298234471401        0.0101444383559212
       -0.0436950867778406        0.1159081212875221        0.0161188954159690
       -0.0281367352984088        0.1281097464501222        0.0200985195125509
       -0.0052482946682723        0.1212750859173396        0.0160460289550699
        0.0206352264119271        0.1171198844227187        0.0217671250053404
        0.0405989983688889        0.1128104385213568        0.0215881173426332
        0.0586986874248280        0.1314465874229187        0.0179087508684006
        0.0814589350910263        0.1207131650951909        0.0200196807655085
        0.0994980150465360        0.1318701129155191        0.0219722633632465
        0.1231868316665343        0.1246895680163068        0.0244679229719923
        0.1485290193913323        0.1324542464655897        0.0198746818044001
        0.1627941766043347        0.1143145894943089        0.0207420035177191
       -0.1309966049784984        0.1493571513221916        0.0230722960665518
       -0.1118663857113759        0.1422495606710003        0.0095836291754300
       -0.0941209383669861        0.1551126022500063        0.0145759322608435
       -0.0746882357167555        0.1414647681298707        0.0171154413095824
       -0.0529863867554752        0.1536473637250522        0.0193828817108788
       -0.0336380649217137        0.1486160635870153        0.0219257917618965
       -0.0124150586643664        0.1417572463712993        0.0308581934964248
        0.0084948655504343        0.1466767505818626        0.0219035673664918
        0.0377370262769911        0.1329488992989912        0.0146583014437644
        0.0424700559043212        0.1526415258549471        0.0278345482456039
        0.0544541300651608        0.1535835407631321        0.0128853697659358
        0.0773628327172306        0.1427821130774716        0.0173994700125388
        0.0964586569150044        0.1537084483638768        0.0145574672143120
        0.1183034920500209        0.1405802079268659        0.0377048536874563
        0.1322773650627675        0.1488350307122516        0.0187305198064427
       -0.1142346628783536        0.1624718246296867        0.0235233502972660
       -0.0943869781780249        0.1751622084569998        0.0202311418202435
       -0.0737207059761051        0.1649123357981670        0.0128176443505545
       -0.0576305786221970        0.1700851626359728        0.0299704726026951
       -0.0376115352346996        0.1732650999731762        0.0179156592903029
       -0.0215645891631117        0.1599413585975026        0.0111169721802286
       -0.0013354982535236        0.1625233902004264        0.0222804202282668
        0.0184760867091058        0.1651292274866706        0.0093582176557041
        0.0370930226506685        0.1737197509712570        0.0167632505850674
        0.0585609488940000        0.1698668322403833        0.0278180284914854
        0.0749390114212354        0.1646572557301852        0.0121173212403089
        0.0966846442354032        0.1727855315534983        0.0282354327498117
        0.1157546391447363        0.1600898570056765        0.0311785376828600
       -0.0767713479646509        0.1821943755650539        0.0301888993937675
       -0.0570511407813438        0.1906989072246988        0.0194703393379600
       -0.0392530556869644        0.1959982697902870        0.0066238874565715
       -0.0186970394531909        0.1791943967278640        0.0276220581256780
       -0.0002190911352307        0.1818747000492323        0.0155179490713767
        0.0183767038554279        0.1795992558260632        0.0280597599394182
        0.0373093423186531        0.1964346880163373        0.0046288573383913
        0.0554944130752459        0.1914209052236879        0.0166855384161153
        0.0760345939296205        0.1834139858360179        0.0240426775519679
       -0.0199931681134033        0.1982137184590549        0.0176520548654391
       -0.0008108569506588        0.1976570621744300        0.0305127564015660
        0.0182841812959282        0.1984346005946585        0.0170117025007885
       -0.0828463580800669       -0.1750562746472275        0.0499177490763802
       -0.0607296289570358       -0.1857050678383841        0.0427263379081008
       -0.0398205665981502       -0.1919298231962738        0.0397148013321294
       -0.0150474001725419       -0.1955118925180540        0.0393532165772383
        0.0034988452472466       -0.1938214570161652        0.0492036674353561
        0.0207913118743554       -0.1958567221970657        0.0347543629883907
        0.0417659649470599       -0.1918408450475645        0.0381142273882946
        0.0625468619033546       -0.1844181814091651        0.0455831594481829
        0.0823916480216251       -0.1734440661354417        0.0559354294176738
       -0.1036848087956445       -0.1627297640435840        0.0526163884581532
       -0.0856286625350963       -0.1541599079521130        0.0451482829859370
       -0.0653065907003883       -0.1643086670641707        0.0449797389477746
       -0.0441086547604405       -0.1690124121607015        0.0427238156075480
       -0.0253027884628116       -0.1771328983866037        0.0366295251298505
       -0.0074148837464448       -0.1750959693397589        0.0523713791455930
        0.0171542213599619       -0.1754046975753802        0.0462725932307808
        0.0395717653729637       -0.1709796900325404        0.0421820441224350
        0.0622287412143142       -0.1645562490914423        0.0476773327077841
        0.0822036528201913       -0.1537031278395389        0.0447181189035559
        0.1039324628855334       -0.1611770345897912        0.0567451026333112
       -0.1396361678849019       -0.1322799008824870        0.0548066457329792
       -0.1225839681193313       -0.1483876691078144        0.0543532007719958
       -0.1049555300287748       -0.1426850218585719        0.0428822775660077
       -0.0912407032048186       -0.1285803946645565        0.0491699783459443
       -0.0712624858259973       -0.1387707435623934        0.0481523023080324
       -0.0518450093900223       -0.1474289604358849        0.0487068753166040
       -0.0294032337114366       -0.1529393688857337        0.0426768703428921
        0.0050732262399398       -0.1568871772484626        0.0450293671763713
        0.0071760860055472       -0.1457707734893856        0.0277616785240157
        0.0458635249869147       -0.1507722822166191        0.0488770670577756
        0.0658529947626728       -0.1389402405250585        0.0483335267445586
        0.0867060555157770       -0.1275960033505745        0.0477804348914695
        0.1023004240632180       -0.1436052783047376        0.0415985221732649
        0.1230242349157297       -0.1485959890549575        0.0527661792807408
        0.1408626397950763       -0.1336276188948745        0.0479726608506411
       -0.1498085201672493       -0.1274669539276442        0.0361881608075032
       -0.1210790448369376       -0.1272431813928741        0.0453215354465452
       -0.1062293356590479       -0.1128652806333596        0.0519335197067293
       -0.0731224331282714       -0.1210017199623438        0.0355070547844233
       -0.0540764489612265       -0.1300002789709639        0.0331215856374765
       -0.0362602061602136       -0.1320250783845710        0.0480557467996724
       -0.0211164603716455       -0.1182002894030978        0.0452100408332030
        0.0043451571025898       -0.1333553490281053        0.0498944779692236
        0.0213490231978533       -0.1147042792897279        0.0462606348866782
        0.0251764407378650       -0.1392961156125963        0.0439847804496610
        0.0560442474600057       -0.1295866755429014        0.0305609296732502
        0.0729625309517699       -0.1171260073107601        0.0346337860178725
        0.1063746210323095       -0.1143110693741506        0.0461509132862205
        0.1206077213413212       -0.1295328834666085        0.0403378701891056
        0.1596941224775791       -0.1118091669996107        0.0446821822783703
       -0.1649969162024317       -0.1066193084659200        0.0375278655000756
       -0.1426983995074006       -0.1085297803467269        0.0289096700167981
       -0.1166177636422399       -0.1044863637980712        0.0342633105331672
       -0.0933258776577429       -0.1104251398193216        0.0339789445949698
       -0.0771755913661998       -0.0973902592445522        0.0331547988639265
       -0.0582880812783177       -0.1036447164567445        0.0388917968384847
       -0.0415056697375717       -0.1142310401828736        0.0322826866389606
       -0.0171101458826626       -0.0982104179936897        0.0431045197783799
       -0.0016582875990987       -0.1161721847192789        0.0362527177590912
        0.0089241532130551       -0.0962282726837641        0.0454435505421511
        0.0350274469350923       -0.1200012137916026        0.0289464000501247
        0.0505091069700291       -0.1073113492074501        0.0368893037939122
        0.0905445432298901       -0.1051155063432440        0.0365387110150458
        0.1092067030826866       -0.0909953637285597        0.0407052598481809
        0.1261777199751468       -0.1033370295660987        0.0392582039200073
        0.1422820863897085       -0.1157171298622771        0.0391652630522865
        0.1716611832588431       -0.0928666565006001        0.0436832033923965
       -0.1756238327231191       -0.0854911223713392        0.0429829896242066
       -0.1523029349342446       -0.0908030702558459        0.0412318663955541
       -0.1312846447427985       -0.0895969265032727        0.0350658157616324
       -0.1100169197089435       -0.0801487565705596        0.0425590922770159
       -0.0986662871138153       -0.0906110258424280        0.0275671477824325
       -0.0852114547616637       -0.0778248184118893        0.0437530304588370
       -0.0606549673844146       -0.0789785496193919        0.0354021902886252
       -0.0390689426432979       -0.0924078561068752        0.0348498831804212
       -0.0225706698140805       -0.0772640721186989        0.0337917971714068
       -0.0042142064144258       -0.0772293036050299        0.0474919156055494
        0.0167399479941394       -0.0771935673355743        0.0357339384599548
        0.0307441797664069       -0.0957463877665093        0.0348392225851086
        0.0481381680855677       -0.0831570101940060        0.0413080547153089
        0.0688939402151301       -0.0950013764379038        0.0409354004081885
        0.0864499430235048       -0.0824598800633165        0.0397558337773392
        0.1264315086832881       -0.0771758999018212        0.0379485238090971
        0.1441809754456025       -0.0912300637143130        0.0394797328790270
        0.1622751655855436       -0.0767157739662036        0.0330495668816726
        0.1816967583029805       -0.0713320802907466        0.0435662983888408
       -0.1849882485758951       -0.0652358884168484        0.0390336621814155
       -0.1678945745339157       -0.0598496688613642        0.0447743356438205
       -0.1476782661011718       -0.0682986390747044        0.0382522750094252
       -0.1225831184309998       -0.0665001317206687        0.0324759984021620
       -0.0992040864975349       -0.0664424226671858        0.0277862427566201
       -0.0766323551949816       -0.0592409257283553        0.0348188346172175
       -0.0563752709353914       -0.0534241916078237        0.0366135796688951
       -0.0417079614690476       -0.0687155016983803        0.0434360583637934
       -0.0184289545491413       -0.0593848619420360        0.0382979792323917
        0.0031804912198944       -0.0555282003702130        0.0426589768875477
        0.0205002013290858       -0.0561613007160575        0.0301620558384502
        0.0346546499244821       -0.0648343389148604        0.0434655583648199
        0.0529596115469586       -0.0621419572816064        0.0320834440078871
        0.0818523972324188       -0.0599475712640157        0.0358386608441103
        0.1030826399396732       -0.0710486670449815        0.0367439958621997
        0.1256402506743741       -0.0558524791857890        0.0370498387226180
        0.1460568658327047       -0.0659729767648037        0.0359770785557851
        0.1621371847790777       -0.0615923342911495        0.0529672019912323
        0.1842415998307934       -0.0547256265401950        0.0553185204916281
       -0.1909362147575929       -0.0426152369751058        0.0415608405758044
       -0.1746952419166864       -0.0441775362019364        0.0292546801490578
       -0.1551128775838791       -0.0448353729103271        0.0454397144580209
       -0.1362705597889677       -0.0534701521814412        0.0392952429577847
       -0.1099046609596962       -0.0482500727941611        0.0382418511537709
       -0.0891610643369062       -0.0435148792597405        0.0308036224348200
       -0.0725128443015520       -0.0340789641903973        0.0402849503068445
       -0.0512613298420401       -0.0322529818033998        0.0405326002343412
       -0.0346549175918219       -0.0455499068239323        0.0422709533213706
       -0.0059503570687970       -0.0382271898026300        0.0357339266172333
        0.0176997011500767       -0.0369782157246559        0.0444353265851351
        0.0405024959780019       -0.0424781091356661        0.0396250995777506
        0.0645209653764881       -0.0451683750842600        0.0376210844672035
        0.0876404948186503       -0.0405399045135986        0.0382101426419427
        0.1055347966443758       -0.0529059637807467        0.0387611909480109
        0.1317336992766833       -0.0331165728797804        0.0397358756045001
        0.1557052536623474       -0.0345193029630925        0.0327155013775214
        0.1705018175239333       -0.0371182232393405        0.0506189277644244
        0.1914696414987588       -0.0366221991872537        0.0447011291336355
       -0.1948566449178234       -0.0186510116972200        0.0410247207315105
       -0.1722304992903808       -0.0255489188912209        0.0441237842844922
       -0.1465053798284889       -0.0256343188724113        0.0464272857711366
       -0.1249804443097626       -0.0201084704625516        0.0373101171850005
       -0.1073534473947421       -0.0258829586811881        0.0445988765699609
       -0.0873115528495219       -0.0174018093307604        0.0327579810309361
       -0.0631634386698314       -0.0107655402998945        0.0416185561601620
       -0.0435729194209720       -0.0152176547092533        0.0256784801569457
       -0.0265449255710290       -0.0249555177173115        0.0381890851465505
       -0.0043591848110056       -0.0223281215404728        0.0479589494307703
        0.0109129389475620       -0.0158012347794887        0.0357464264186048
        0.0309536750771684       -0.0216340932335206        0.0319359171447329
        0.0528102751765146       -0.0246796156485929        0.0322798509196630
        0.0741635224721765       -0.0228723827290634        0.0364848196981709
        0.0987553789676603       -0.0187079909087132        0.0377342067174753
        0.1115986424844343       -0.0340922741343005        0.0382446532385311
        0.1456425234478208       -0.0165865486095727        0.0420928529667151
        0.1719016170958459       -0.0181861238002616        0.0432110846425328
        0.1959716634272392       -0.0183236242686080        0.0354873490252862
       -0.1913639757492548       -0.0029685781892189        0.0580604541386890
       -0.1761934526477936       -0.0008851434460915        0.0374237953760949
       -0.1587676805815375       -0.0070109215320750        0.0425029831953245
       -0.1343315861272196       -0.0053412996404568        0.0514125116602117
       -0.1075840846516136       -0.0057499469297496        0.0288525754897424
       -0.0957734409030045        0.0048367301356033        0.0436559215915873
       -0.0763272549657758        0.0054889067557823        0.0507342488714399
       -0.0413871662938996        0.0023331137397251        0.0387783992622549
       -0.0194970253867612       -0.0044230941168919        0.0500654252294109
       -0.0063701549408643       -0.0002685124579254        0.0366660042842659
        0.0289833517052235       -0.0042033395987465        0.0447007314126083
        0.0452078545591936       -0.0030999543421257        0.0263168060876993
        0.0521729493063852       -0.0074514455473906        0.0463614570601714
        0.0885662276347109       -0.0041351030788241        0.0415587266819838
        0.1058097560681287       -0.0003964952225510        0.0235720985981911
        0.1221980530462269       -0.0123049426902276        0.0379678453319663
        0.1577727820938960        0.0006092265639836        0.0420368690071922
        0.1780254976884441       -0.0006214492022422        0.0339670552036265
        0.1936159973695007       -0.0001860166694111        0.0501279457768875
       -0.1934480279149042        0.0199249882876355        0.0466996288593419
       -0.1601433025038056        0.0229360266545967        0.0347609030920391
       -0.1442359981654144        0.0097977084710216        0.0413044357670177
       -0.1196829492590179        0.0113196894267967        0.0442490870816235
       -0.1019108845613325        0.0265405002667844        0.0412981058855285
       -0.0801593255433481        0.0251130037459705        0.0378035861885888
       -0.0604327126003168        0.0139479026784140        0.0389131746200791
       -0.0445299886703861        0.0236151782794654        0.0291280975107894
       -0.0236219874531958        0.0157699014481842        0.0408506106964925
       -0.0035974259798970        0.0161170615389593        0.0528563484323815
        0.0127444127200898        0.0078077548520956        0.0358966325942638
        0.0333814067929576        0.0159934123513609        0.0343146190432563
        0.0549184125900743        0.0155699315790443        0.0385327463101302
        0.0758686633748378        0.0159496869432238        0.0439789053796572
        0.0997373090220365        0.0143253054726062        0.0371727675291761
        0.1219232760615766        0.0124145200017490        0.0387285835320910
        0.1423594760479459        0.0200969788800698        0.0375839929713884
        0.1763684827003992        0.0214111464068328        0.0420291611501431
        0.1952568749780385        0.0184335025663494        0.0391785499334481
       -0.1904952915796470        0.0439431219816412        0.0421965155220549
       -0.1715847691833522        0.0373553698470694        0.0491185137168032
       -0.1537612171617308        0.0459729073619327        0.0425101279593605
       -0.1390579796572612        0.0293565765105322        0.0429100269423140
       -0.1083755141688486        0.0440758660186132        0.0447187143559119
       -0.0891354408724514        0.0489279946754570        0.0356194049941265
       -0.0617695984500299        0.0390862330286444        0.0398558342249075
       -0.0402624892998494        0.0452381726309389        0.0384294282692869
       -0.0232732060746728        0.0342003884542041        0.0294881101690592
       -0.0060569173890579        0.0349379476512080        0.0451550605918359
        0.0164593938086928        0.0317977623775049        0.0355198118722451
        0.0470257488513356        0.0388049006296055        0.0333478565762825
        0.0692302028143548        0.0367336602922714        0.0368985431144645
        0.0908900956047428        0.0342493829949257        0.0491043837274961
        0.1114205361805290        0.0332708228729205        0.0364118602806030
        0.1304154788369218        0.0306286953994905        0.0528794682813581
        0.1493012077019323        0.0414345758348589        0.0483626776404994
        0.1700403775285944        0.0431667649534332        0.0412461228247855
        0.1886083096049224        0.0399487277589164        0.0532071863236214
       -0.1826624488703957        0.0660724638840046        0.0476325443882837
       -0.1599009845082704        0.0654177172663796        0.0552283347041635
       -0.1435037892623395        0.0665999569578008        0.0405943366976827
       -0.1300580603214637        0.0500687347454961        0.0369440141744593
       -0.1098714358961888        0.0641859035393314        0.0362337147255678
       -0.0726249068009623        0.0614990023862665        0.0400507978292968
       -0.0540166163869033        0.0602832205165200        0.0470371992180166
       -0.0356491209404529        0.0665401242047006        0.0362003625892011
       -0.0174914987119716        0.0556609713870494        0.0383790300050536
        0.0071821983167685        0.0518469290614321        0.0457212731048661
        0.0276826732196453        0.0488977475438604        0.0427958872845081
        0.0414365645154606        0.0631806338197490        0.0325651260876048
        0.0634238499634639        0.0581707649742274        0.0254064011471204
        0.0840760726565705        0.0545269386274780        0.0363561655919103
        0.1060790584509215        0.0532835423966361        0.0386850358899079
        0.1276177070692819        0.0513534305878786        0.0439833975444103
        0.1401044224663610        0.0658883304532250        0.0474124245991633
        0.1638173658151100        0.0630196890212171        0.0442783743643412
        0.1812145013168365        0.0620006895710977        0.0575953034868736
       -0.1728289541410429        0.0864715728751574        0.0515055308404044
       -0.1484788125761524        0.0861685193464443        0.0548075601866638
       -0.1258887802343551        0.0975101314325440        0.0342508700193116
       -0.1267220222534395        0.0756702772554536        0.0408888321022509
       -0.1070074135592511        0.0888405354275864        0.0368052918516522
       -0.0901837206673212        0.0745936745464006        0.0393840144823634
       -0.0553518331391130        0.0789226422187165        0.0332452735356254
       -0.0363047269923557        0.0902966470688059        0.0365700774659628
       -0.0190709112159789        0.0768828212394762        0.0477800655450440
        0.0003466738081021        0.0695599297778801        0.0526486661387418
        0.0200705133467134        0.0718559208824648        0.0379914748821594
        0.0365223745016399        0.0880115286093454        0.0417320269543502
        0.0593481829466966        0.0774344685581336        0.0385207175515798
        0.0769246933496742        0.0696717476635541        0.0527782468883359
        0.0981613168599035        0.0742425760222256        0.0467341602883142
        0.1188480530184116        0.0750075906234285        0.0383074986114178
        0.1324403122154733        0.0887201842219642        0.0452112237678814
        0.1552260212385484        0.0832588550938471        0.0450633497819613
        0.1789789037545917        0.0801704171871744        0.0392333562917581
       -0.1616892150538577        0.1055871247280204        0.0520380325596733
       -0.1362520197355908        0.1077785176216897        0.0539753812745100
       -0.1104092455389682        0.1052153433772584        0.0524937523418221
       -0.0922795983390500        0.1011296646649441        0.0378525381658654
       -0.0740631326158874        0.0876633979871066        0.0365989507887741
       -0.0578855905074242        0.1030335839336996        0.0293320560756024
       -0.0369903281751780        0.1120438521879835        0.0382107253052315
       -0.0155157480973502        0.0987741158488342        0.0405545603563904
        0.0026750907272649        0.1075267109673682        0.0299102601649727
        0.0162682516229064        0.0990183856625152        0.0481264581406753
        0.0459124601042024        0.1077229144457606        0.0408156605151217
        0.0656109934452516        0.1002665962092655        0.0373483367222911
        0.0796725506334218        0.0900896769668904        0.0455071928662494
        0.1012401828222723        0.0948478062907626        0.0410974284307179
        0.1186701194219901        0.1067256208324500        0.0421289588593735
        0.1437301393590047        0.1034731905686600        0.0453244761062455
        0.1680118822193332        0.1007747437250424        0.0402052044874227
       -0.1488878460690822        0.1241383790993498        0.0492145522113008
       -0.1205978381534937        0.1256758713546658        0.0506061001048166
       -0.0981791995689372        0.1242111744183318        0.0449275074550136
       -0.0776236064322455        0.1120154779428278        0.0413635874171271
       -0.0642717618290630        0.1238564481627929        0.0274106120417347
       -0.0465958601977772        0.1323409847892772        0.0338833249149413
       -0.0159879976853604        0.1201965900061027        0.0373199986632979
        0.0055981525750246        0.1297719164711165        0.0352248680404443
        0.0249561125603396        0.1152591075718543        0.0411276383069302
        0.0467457293932886        0.1297896738803134        0.0368505368787625
        0.0670293680067840        0.1220834209434581        0.0393086755368656
        0.0872521425294557        0.1120290786364471        0.0399360952032272
        0.1049588567368989        0.1246752570541072        0.0421517693274379
        0.1299105583661596        0.1214054890057737        0.0465781920100702
        0.1543064710383015        0.1205608983267300        0.0406765630178106
       -0.1344888727232070        0.1407965881557265        0.0457062785116196
       -0.1173541977481710        0.1555384718823845        0.0451195747679458
       -0.0983139923586650        0.1489851648129467        0.0388177534819024
       -0.0799065679499067        0.1351416570539858        0.0404425928070804
       -0.0628771014004908        0.1467035105996914        0.0353453445113055
       -0.0414580714553313        0.1538413502816617        0.0425404809286467
       -0.0296311470579571        0.1353915753545665        0.0447007951866009
        0.0034246371067159        0.1535770137387434        0.0445975498908973
        0.0260427022388046        0.1379743072219117        0.0341466268139033
        0.0440060448989329        0.1498288479844726        0.0475129146944654
        0.0637490678692621        0.1464719755287589        0.0344981799043991
        0.0835969156698824        0.1357056392746647        0.0388774031942401
        0.0983199644481026        0.1489491783481706        0.0367070967212893
        0.1151565570087099        0.1541550063821645        0.0545454065346799
        0.1391238397277823        0.1383270066180231        0.0388612462309310
       -0.0976439264634998        0.1697792074744348        0.0405053619756073
       -0.0790753246314593        0.1595006070156724        0.0334718238394364
       -0.0597964319444608        0.1642777535716412        0.0504903664927796
       -0.0379124956094834        0.1739350151662073        0.0401341298166744
       -0.0195944567085076        0.1595754043190761        0.0355592752992003
        0.0003719285107769        0.1759747285681030        0.0399773102381619
        0.0219299795984475        0.1599302257349855        0.0330330943494789
        0.0393932623009718        0.1725683876928183        0.0402958791856241
        0.0611769149318542        0.1638006180289726        0.0486788462712794
        0.0798877376747670        0.1603319886419905        0.0327786032707328
        0.0979307337274747        0.1672066234134284        0.0495127911473061
       -0.0793052938323952        0.1761119157282885        0.0519159273966501
       -0.0583521473315886        0.1862323394661347        0.0437326264828489
       -0.0390579286915797        0.1936553118436273        0.0311784927271118
       -0.0204783016346887        0.1942203654393561        0.0431171523261088
       -0.0011595742920551        0.1922212679723916        0.0552235416553704
        0.0182072884819976        0.1944551178257881        0.0430778576072799
        0.0373519988118789        0.1942282312988450        0.0296685418776101
        0.0573281014846973        0.1874074320475983        0.0398991627719275
        0.0781641615215049        0.1783798775205106        0.0455080557329204
       -0.0670835029767892       -0.1766536194153261        0.0655232964603646
       -0.0464389439397979       -0.1845709669813665        0.0614571610514726
       -0.0244727053347115       -0.1899676021968397        0.0575621125269748
        0.0090081793620865       -0.1880530434147310        0.0674900407102526
        0.0282901235386583       -0.1893792938249422        0.0577507748313023
        0.0497852841381857       -0.1842215411752810        0.0598652592353453
        0.0670640349607076       -0.1749424695639080        0.0699824805069305
       -0.1088100508590111       -0.1514182236650940        0.0723387473992548
       -0.0884665445822842       -0.1654471899583293        0.0692885117951121
       -0.0696757567925118       -0.1536762927256598        0.0655536007021473
       -0.0487868332736987       -0.1624882316380903        0.0648669615911511
       -0.0278555964144343       -0.1689523404955774        0.0598368615606376
        0.0074855730290943       -0.1678944141778147        0.0674058679654977
        0.0319206366649695       -0.1679094744743019        0.0619303478227184
        0.0501370898482126       -0.1598222160509663        0.0698747275560583
        0.0701563212901871       -0.1530888697132842        0.0661482081586199
        0.0896762785109675       -0.1626219203272063        0.0742447043191435
        0.1104480607521288       -0.1494281146771751        0.0739761072620552
       -0.1279655382069063       -0.1349972284180001        0.0734885663218964
       -0.1081406947042964       -0.1315694653689519        0.0651421023675820
       -0.0896476166512421       -0.1439332366269602        0.0649161188002014
       -0.0536752768508341       -0.1377465084619849        0.0674390324358916
       -0.0325875342298398       -0.1463555851527492        0.0649762521661043
       -0.0116797234407072       -0.1524155017948848        0.0571590438494275
        0.0049157566298011       -0.1461588725633777        0.0692518692215374
        0.0215102344858685       -0.1523820567842931        0.0566020980358835
        0.0360068398683769       -0.1429931309235857        0.0680496558017826
        0.0549827154640644       -0.1361617314224140        0.0688748993071695
        0.0900350948501585       -0.1430781492669656        0.0628511159287688
        0.1089758588285201       -0.1321449544877481        0.0605753729583719
        0.1295733112961716       -0.1353073453831903        0.0700191350994586
       -0.1455777151163072       -0.1170058515287704        0.0715315286224295
       -0.1245102700368986       -0.1145091954885059        0.0657054868391740
       -0.0928332650754649       -0.1145539184832771        0.0698866057955758
       -0.0739059750593248       -0.1275673918940843        0.0676524543692233
       -0.0562221617273521       -0.1214308013680032        0.0527420757029323
       -0.0376845052909526       -0.1220575425226283        0.0673230749216397
       -0.0160169889022331       -0.1300591424649706        0.0617534940192072
       -0.0120874326335535       -0.1383131169193201        0.0392707137248333
        0.0203908590556092       -0.1271438859195689        0.0627289811354742
        0.0420397460117064       -0.1278950260001490        0.0495353483327924
        0.0595911367517103       -0.1180750426612263        0.0533853249697215
        0.0745537425707002       -0.1272571533437726        0.0678660166252975
        0.0963047237221989       -0.1164036351564654        0.0661125579075708
        0.1265512062627524       -0.1171084875640664        0.0593870364665410
        0.1474667163937417       -0.1187562532932903        0.0644245285254422
       -0.1554911725684161       -0.1137536353187151        0.0536899034709428
       -0.1356093266783674       -0.1095507042052867        0.0478198838482619
       -0.1257026533334188       -0.0790477705020116        0.0697355229752940
       -0.1194581761097762       -0.0949247837926771        0.0556000361245135
       -0.0779922155707349       -0.1110443381117587        0.0536555993474569
       -0.0704122709773685       -0.0913115165114306        0.0544162476460948
       -0.0387518494430765       -0.1059543953306281        0.0532727802296214
       -0.0214158308384729       -0.1056869633665607        0.0655472306987348
       -0.0004007816894525       -0.1108695845844859        0.0576277950476693
        0.0203766967776649       -0.1042295765659871        0.0674268760793977
        0.0398423819237445       -0.1037605762109025        0.0549013639388793
        0.0585827359196857       -0.0949097139846059        0.0594061752816597
        0.0772403645592831       -0.1078602687341492        0.0576476709792008
        0.1146590720436699       -0.1002557185065958        0.0615790049261956
        0.1271541416507372       -0.0841140729294479        0.0576826764846875
        0.1405008122990253       -0.1003770750232921        0.0593827778959909
        0.1618019840693571       -0.0989764164747762        0.0634333266110792
       -0.1641066784783204       -0.0960964844516838        0.0619230470817146
       -0.1425357659035741       -0.0942471307709820        0.0636779825811528
       -0.1333169380551081       -0.0771808704451673        0.0507139313656144
       -0.1034114077041455       -0.0766373183348948        0.0625650092212415
       -0.0942368183923153       -0.0950727112417383        0.0524929815439411
       -0.0638915817278418       -0.0689514766893721        0.0535799337589583
       -0.0501944426149394       -0.0879933433119387        0.0545114124722748
       -0.0282061996187038       -0.0822556983978883        0.0549391955801089
       -0.0091746261058756       -0.0883082241016527        0.0635917075099191
        0.0090080943532229       -0.0871716677850752        0.0651549046579744
        0.0279468328043276       -0.0853889950598617        0.0543294575094181
        0.0482222121141367       -0.0780707273962414        0.0610215293630338
        0.0919968247627062       -0.0963162084855384        0.0578644240393532
        0.1024231331338290       -0.0802753951247749        0.0596796996098052
        0.1375395617650169       -0.0645992278715174        0.0568670501380593
        0.1524068643385634       -0.0808327700254044        0.0558467569532571
        0.1735416789254863       -0.0779121705871945        0.0617493269163919
       -0.1755242792390344       -0.0733207215630106        0.0617681085182543
       -0.1558630053185958       -0.0756018967226198        0.0571756703707959
       -0.1400513668469960       -0.0590793610943565        0.0616054796468469
       -0.1186369247973133       -0.0605833093817795        0.0554276376722595
       -0.0955098898549889       -0.0595995268043760        0.0502130226542453
       -0.0738937283252318       -0.0502752903188850        0.0557274336881729
       -0.0522127200728942       -0.0503214563052773        0.0579929512007484
       -0.0303348879521650       -0.0581293803931739        0.0608114693888332
       -0.0115026107516734       -0.0619616540608351        0.0605597426700471
        0.0010240840278458       -0.0662179869494997        0.0728946233160436
        0.0146899657273294       -0.0651636476174744        0.0561101891823366
        0.0347569423681254       -0.0658303925214233        0.0659892760801195
        0.0506967660777597       -0.0522897289919535        0.0554981091626756
        0.0662485075851608       -0.0693010288585944        0.0481445459089661
        0.0895560953866178       -0.0635877539140262        0.0566341345628984
        0.1145560915932729       -0.0642189235279161        0.0571890400721907
        0.1470384985616420       -0.0471704225194354        0.0472732544319667
        0.1521717648429166       -0.0637968270730482        0.0740175306696762
        0.1750927875442161       -0.0608167858946722        0.0751254572636643
       -0.1834269581462009       -0.0521447000651432        0.0602949523227351
       -0.1608522813205639       -0.0547577163088997        0.0672078934112233
       -0.1447072695875563       -0.0386347525378317        0.0654011830301995
       -0.1284084859224504       -0.0392858933222812        0.0488148160565660
       -0.1085127943015943       -0.0413240854123688        0.0620470663124283
       -0.0915054428780593       -0.0367927709726283        0.0500681396026717
       -0.0634398607023759       -0.0277439284109518        0.0583740885667023
       -0.0392963198751666       -0.0352749808180858        0.0623205968532979
       -0.0164293021836035       -0.0403274180443932        0.0534872814193684
        0.0039910389681185       -0.0436854498277971        0.0616060431587851
        0.0275453319739470       -0.0460737360902816        0.0596712723275238
        0.0421401186715905       -0.0339872959831242        0.0686198556492692
        0.0597950322463187       -0.0300550824271526        0.0537583184330987
        0.0743733397112535       -0.0481709727349260        0.0572974833174018
        0.0997886044603284       -0.0443492479993588        0.0579743290356918
        0.1237751941653609       -0.0442978839338283        0.0561228374535123
        0.1395523688506427       -0.0428281919557648        0.0693144769973028
        0.1623068796083056       -0.0458043711557037        0.0669514208495353
        0.1837391176211201       -0.0368553704428866        0.0698685790810660
       -0.1889529999592844       -0.0285727499090999        0.0589945909894938
       -0.1672318262361475       -0.0333740335089767        0.0613802255283298
       -0.1512045474654458       -0.0177443112232943        0.0636817779519052
       -0.1264212533046305       -0.0223456471349488        0.0622081270161170
       -0.1028661872071523       -0.0206800396253902        0.0675012249422564
       -0.0852548715918207       -0.0157393800574805        0.0526176481612459
       -0.0676864915835475       -0.0084468086128461        0.0658225649747765
       -0.0431544258368356       -0.0153522438162964        0.0503659781239747
       -0.0247514373220595       -0.0196217542454198        0.0628058466496257
       -0.0038362896276102       -0.0234700093359054        0.0684137121875913
        0.0173556121662154       -0.0221055148000243        0.0593381880410327
        0.0371327470223901       -0.0232030561373683        0.0529386916075608
        0.0522067993358666       -0.0122600328264009        0.0673300798231585
        0.0855042923471036       -0.0277411630667082        0.0548033815418778
        0.1097572494954094       -0.0236580035742439        0.0578720870493576
        0.1289488064422528       -0.0209346478972208        0.0601505561828745
        0.1509078020571251       -0.0276981364634078        0.0565878572194484
        0.1699610713893645       -0.0156788112623566        0.0646978061570512
        0.1899643115290367       -0.0190201681372488        0.0595969257304481
       -0.1821512804095836       -0.0024099042612741        0.0825536395242634
       -0.1722298718649998       -0.0086480983465764        0.0610206415254576
       -0.1527999086964495        0.0054951043317847        0.0619755777941051
       -0.1396353237237988       -0.0052454243018800        0.0764812757383888
       -0.1100799999644354       -0.0067826506527427        0.0520530004182147
       -0.0927715722489140       -0.0004499701197565        0.0680084431613067
       -0.0718286104540290        0.0133391844029733        0.0726483754785386
       -0.0542456561253213        0.0047279497665049        0.0586750745509554
       -0.0349655935317684        0.0031919248429440        0.0615673072592393
        0.0062813212408184       -0.0040560293840979        0.0565803354944407
        0.0277863039847864       -0.0022132643989824        0.0660506044794947
        0.0437645134631494        0.0094710819351462        0.0570879022173054
        0.0720150814796412       -0.0080218629033611        0.0551700521723542
        0.0903749924422428       -0.0098176918849917        0.0649399485233485
        0.1104984879348738       -0.0019532101223352        0.0511315312364417
        0.1352110315060240        0.0008827253009314        0.0522382017572485
        0.1507213546649300       -0.0072767507540737        0.0646294496071559
        0.1722437132433785        0.0041055565012786        0.0554019205318838
        0.1859019725720370        0.0000611734432644        0.0737594255528889
       -0.1872503162173129        0.0324882628615573        0.0623043485280854
       -0.1718524091049031        0.0133658827438217        0.0532867204184312
       -0.1521014937856625        0.0273221642412167        0.0572574692016530
       -0.1329032594746005        0.0153903724134086        0.0636316426222708
       -0.1091541292949578        0.0162522270345100        0.0630871643052728
       -0.0884820565734083        0.0207494695782495        0.0593238865782358
       -0.0649764464499742        0.0268830597647387        0.0585300901162242
       -0.0427284479120005        0.0240038734441842        0.0509859471693247
       -0.0222279607670517        0.0177228592771521        0.0648934017961740
       -0.0063058033418202        0.0346481177258953        0.0685595391208998
        0.0197846011153557        0.0153844923151540        0.0541162770812485
        0.0363845634188578        0.0289773378976673        0.0510400997186444
        0.0649220123695190        0.0086657508227675        0.0625148769692743
        0.0898964089961288        0.0113393242313906        0.0585677203330294
        0.1089238651195599        0.0202487546670318        0.0574154646298036
        0.1271532639520461        0.0143407935393272        0.0645239213510577
        0.1517131821563292        0.0176346225750443        0.0557194547683617
        0.1675570816740584        0.0285782865616519        0.0606332483165721
        0.1887792014609940        0.0198315726011493        0.0630009668566620
       -0.1818001070527612        0.0531833644290425        0.0641891799778372
       -0.1610998928789248        0.0483135498721864        0.0681336746380567
       -0.1434146927829362        0.0352247053997010        0.0748382301987265
       -0.1235420753380199        0.0330252527463199        0.0538148219312525
       -0.1022257679924887        0.0378121460456947        0.0649321775893415
       -0.0835879478621145        0.0409001875200298        0.0527275829781640
       -0.0697946807397222        0.0503713835563889        0.0609464586505186
       -0.0475955010019374        0.0427400343716460        0.0607687971478126
       -0.0252958859727434        0.0369464039146582        0.0524061091506014
        0.0058828311960415        0.0518778101263358        0.0712004044456822
        0.0136386190223920        0.0340880535224402        0.0588224676930535
        0.0305055720071260        0.0422185292769015        0.0683794943704283
        0.0585498418951333        0.0306960743961757        0.0533092556550555
        0.0752460548485704        0.0285000326055168        0.0671571849425836
        0.0944948341725776        0.0531901009956676        0.0583444320417768
        0.1130800382051930        0.0428513920074302        0.0583036430412916
        0.1434815208713821        0.0327420800272746        0.0718826017130422
        0.1612347185094868        0.0489641476467151        0.0642796687350830
        0.1813311089015010        0.0430391577862017        0.0725717565070625
       -0.1727013167282958        0.0725321624874714        0.0700952253042141
       -0.1501742222517752        0.0693807728751961        0.0745264060701198
       -0.1405244652928431        0.0497418624640131        0.0593126879491341
       -0.1196126960387897        0.0569889155603002        0.0575074527224151
       -0.0955293601639339        0.0595919298810813        0.0560890801679925
       -0.0794780565290046        0.0693698841796510        0.0608807096836041
       -0.0553014161589203        0.0660341678080305        0.0687072325406975
       -0.0327420684451109        0.0591251078466749        0.0593266067769626
       -0.0126030987714770        0.0544336191593793        0.0600200202378211
        0.0014092399333231        0.0732364654507612        0.0720729378039758
        0.0221224478719571        0.0620674943827175        0.0609961324091963
        0.0441235550034464        0.0497989452130521        0.0549942262854307
        0.0601833340838962        0.0552628106725014        0.0450413013971078
        0.0742856846056545        0.0482387125590035        0.0586854638150483
        0.0931927391336538        0.0688315311711583        0.0688456931190286
        0.1159985561131929        0.0653315579195715        0.0586257614665473
        0.1352459037536015        0.0522032224867389        0.0660737352276466
        0.1538008720881388        0.0683835376819149        0.0650409590262431
        0.1722732320735968        0.0658628508780153        0.0773564374601055
       -0.1622001206880344        0.0915766074467555        0.0728343725544468
       -0.1388311700164458        0.0919627958677343        0.0740441331124437
       -0.1350163546868697        0.0706716182337670        0.0617961640744347
       -0.1078198947564416        0.0769797926006967        0.0567991123857770
       -0.0903314705076296        0.0897653797266615        0.0572167562102379
       -0.0648838631828184        0.0809534678841419        0.0538757367007948
       -0.0416393789428059        0.0784096277951697        0.0551556834790557
       -0.0194135037060485        0.0768624986790749        0.0677501843811141
       -0.0052869511729404        0.0924436196235390        0.0595013799014204
        0.0184430277787883        0.0826747754307182        0.0571804599755305
        0.0400478129440592        0.0707441731129451        0.0517985070314217
        0.0576825428960771        0.0685249002553981        0.0628288295409767
        0.0724888344461147        0.0846041423813687        0.0681153860302258
        0.1107126100238667        0.0807511379338296        0.0756271959272048
        0.1314885950452352        0.0775409335162583        0.0646341974577458
        0.1462554676705265        0.0899737742672800        0.0658145156186759
        0.1715553430463046        0.0835953424713591        0.0598379728326768
       -0.1505396202082390        0.1110263010924984        0.0707882987083626
       -0.1242906728854744        0.1106791135345362        0.0718140538226465
       -0.1244588235213115        0.0908715350251191        0.0565308935791744
       -0.1069185121387674        0.0950734250705117        0.0737368966522940
       -0.0751025848313299        0.1020735865549897        0.0577998143935206
       -0.0537225959127556        0.0990410823034306        0.0497828023332035
       -0.0312019832613586        0.0973987552180991        0.0576961571448910
       -0.0201488006003835        0.1138284715230628        0.0588805498183229
        0.0015087638717906        0.1135029239756239        0.0515759164381301
        0.0191330133019462        0.1168737201856018        0.0656256762421623
        0.0350688500395133        0.1032855755548671        0.0605639494010611
        0.0558068322218871        0.0913232536508388        0.0557265007746888
        0.0738048914975134        0.1075537970087878        0.0592622183561400
        0.0917464131241792        0.0924445145077230        0.0644139631135746
        0.1136190329947299        0.0902241952608572        0.0575453255515026
        0.1296779525489651        0.1047367082684861        0.0650839823012482
        0.1595649048271328        0.1043652526785692        0.0603898599392735
       -0.1362466017489017        0.1299287600590937        0.0674935613175778
       -0.1106822933407875        0.1257541339886039        0.0677536359746633
       -0.0939060014652492        0.1131515905926700        0.0647991927177247
       -0.0784462888887767        0.1270057866005550        0.0613636121450868
       -0.0601344740284140        0.1200477000128785        0.0488839443461522
       -0.0428663445664264        0.1209322248027413        0.0572042652889442
       -0.0243902500884277        0.1301602451210803        0.0681778253431652
       -0.0083181297100670        0.1348496312803035        0.0537241390381596
        0.0138549600554801        0.1335538222979100        0.0544601855144478
        0.0358383931899921        0.1280454089977818        0.0550908206639301
        0.0544134695994463        0.1175086003750216        0.0575626971568336
        0.0837742477465457        0.1271517663797931        0.0585057660011397
        0.0996807345763411        0.1115652812426740        0.0588168772888454
        0.1167277283975045        0.1228136506211230        0.0634094623111368
        0.1454245189349294        0.1227009006672809        0.0616132962371688
       -0.1193228169433438        0.1468526213090326        0.0647794178545323
       -0.0977139739755102        0.1402998933967063        0.0594747577691830
       -0.0790843231306244        0.1524063686232647        0.0550505220839559
       -0.0589264644648583        0.1404238362401709        0.0540718903720838
       -0.0396594411667960        0.1444760458288230        0.0643497010435155
       -0.0188615714893074        0.1527875676681095        0.0555589864759178
        0.0038899284710885        0.1491690774999212        0.0671557452349346
        0.0253021792747256        0.1509207519243799        0.0552812805975762
        0.0464378592717493        0.1409070410760852        0.0676499738687927
        0.0638665862073067        0.1384629446635139        0.0546670097511668
        0.0812553474613028        0.1526894396219979        0.0539424774480392
        0.1012997889859992        0.1393864318610096        0.0583154448349475
        0.1296365272031550        0.1400821781280381        0.0597608082584505
       -0.0996840856809130        0.1621555836314898        0.0613893293152490
       -0.0804515805175592        0.1682743694182306        0.0721891943249732
       -0.0592887425349209        0.1558655303696061        0.0708020290544576
       -0.0386601334882328        0.1664536217253585        0.0622498724748675
       -0.0185037884038282        0.1742233473600200        0.0518425304315697
        0.0004015528491682        0.1694234975675633        0.0625983983293565
        0.0197607507252889        0.1723873396482397        0.0520126914839174
        0.0415478423779564        0.1657591451655820        0.0626667114286735
        0.0622498045141569        0.1559869813825310        0.0689757334649545
        0.0788709882200898        0.1714584879459677        0.0661917982486083
        0.0982925552481334        0.1592210286659264        0.0706203768250331
       -0.0594071861589750        0.1790624740457464        0.0663883773309399
       -0.0399112071948588        0.1876629846540610        0.0564774266131423
       -0.0214640889728884        0.1871561947899861        0.0671703180564535
       -0.0008048266925967        0.1841327803389848        0.0780670957049506
        0.0182348091366267        0.1875489352437396        0.0670290133365728
        0.0377405209069519        0.1888731255598077        0.0538757414811990
        0.0583809018423496        0.1811367606289217        0.0614910097182642
       -0.0319881521757344       -0.1806912176396034        0.0795452197817301
       -0.0111025721967716       -0.1856437085966023        0.0735740876059094
        0.0032959199116950       -0.1785951474036404        0.0899606038811227
        0.0230477449847003       -0.1809808479460029        0.0819434813815459
        0.0424376420456596       -0.1792310055033051        0.0779441673244506
       -0.0728443073204650       -0.1650488173304651        0.0863284124194779
       -0.0523694179743537       -0.1738623467811589        0.0838410904921758
       -0.0321105531664186       -0.1591069405721067        0.0825428284716152
       -0.0121612283002803       -0.1644328408545727        0.0759507131142630
        0.0045987393516335       -0.1570368521646137        0.0900621301725742
        0.0245130360611400       -0.1603404971617261        0.0808024381938768
        0.0415872526319535       -0.1516623196977813        0.0909565256996641
        0.0575084107270560       -0.1692298321218647        0.0897443402710896
        0.0755034990568240       -0.1621002609005411        0.0895696771836503
       -0.1136685285366878       -0.1376850491866307        0.0901237642241916
       -0.0934259549098040       -0.1531374971774574        0.0884335789248673
       -0.0724994549520736       -0.1417777138348264        0.0847235910640065
       -0.0526328980548793       -0.1508721071026166        0.0848013953239086
       -0.0357535728633300       -0.1352622861106262        0.0849369609908793
       -0.0146872810536488       -0.1423852669504086        0.0800213823970575
        0.0032034984835918       -0.1352616315732745        0.0926452800552108
        0.0208791451257952       -0.1391265986164199        0.0819209575517033
        0.0401887664216559       -0.1314267416207894        0.0893029924201506
        0.0600157473345115       -0.1457613436687580        0.0892153580489838
        0.0772280939295811       -0.1405525314470313        0.0828149884796494
        0.0958093467478659       -0.1494385223808186        0.0921341255907522
        0.1164609709974424       -0.1352103630730036        0.0903050383214225
       -0.1326170716281585       -0.1197289919722424        0.0898759189769062
       -0.1106384962715885       -0.1172745247383717        0.0832940948344440
       -0.0919617349798659       -0.1318036815650814        0.0842091626791315
       -0.0760910317619980       -0.1143064832377283        0.0862437843156453
       -0.0566010289912594       -0.1244823011189071        0.0845173579805774
       -0.0399462699280175       -0.1101176566173974        0.0835700926487138
       -0.0188085542119770       -0.1193509084205016        0.0828897302716734
        0.0012576077676044       -0.1245202799771263        0.0735056605921811
        0.0191984899104747       -0.1172517454947347        0.0840542493455319
        0.0397554577005885       -0.1189401838390238        0.0701166451385915
        0.0593328378353703       -0.1228399284300610        0.0872327060495651
        0.0822511371421078       -0.1142451362288985        0.0831705789727573
        0.0969223928437179       -0.1312753314550224        0.0817380398779635
        0.1150004519658618       -0.1166797491917062        0.0794277854240173
        0.1358197137001223       -0.1197904853199004        0.0848719330730645
       -0.1506593208743220       -0.1006937536034654        0.0846317730958922
       -0.1284011948178035       -0.0995368819222399        0.0799147688738379
       -0.1066277979600235       -0.0971465165993214        0.0723623305260729
       -0.0808480537968459       -0.0958092552499234        0.0729227693160602
       -0.0591714288548622       -0.1072798345574509        0.0679548876643587
       -0.0403969716557001       -0.0930866367451048        0.0732603668322589
       -0.0208207956059927       -0.0948362728203161        0.0847975787122561
       -0.0011395780820875       -0.1030042695610250        0.0794190362535790
        0.0167741606208199       -0.0944280927218531        0.0890851941836312
        0.0390607064690859       -0.0934814339482440        0.0757304908471886
        0.0584849293619081       -0.1084238261216204        0.0746382098844839
        0.0767079066257833       -0.0968050345215301        0.0782070849442819
        0.1014338987067565       -0.0980000473394673        0.0796676707687438
        0.1281588315017829       -0.0993542908660248        0.0792702291336384
        0.1507302035982181       -0.1023382240536114        0.0825063248646141
       -0.1636094741273363       -0.0826916320728149        0.0799627035237383
       -0.1478606136063577       -0.0742831534485904        0.0784944593853657
       -0.1121098972292947       -0.0811260259031337        0.0870350942634619
       -0.0935156916911942       -0.0765647033912003        0.0807296659018307
       -0.0807070312190269       -0.0733305532815461        0.0651873366075132
       -0.0612773045750571       -0.0821005489413091        0.0748097268152368
       -0.0458992573667848       -0.0697519190674330        0.0682938071160935
       -0.0231572744250419       -0.0765080826466051        0.0743884167699612
       -0.0018967384116873       -0.0804009963909980        0.0861705453783507
        0.0218267067350169       -0.0785464147299442        0.0765803462354556
        0.0420382633254917       -0.0749787059187986        0.0864285382299152
        0.0616135122203244       -0.0824654194544679        0.0799939561079022
        0.0758041534414876       -0.0814743871606028        0.0608485945908087
        0.0901279136205623       -0.0794102818578192        0.0780120211518391
        0.1156746602189964       -0.0804349263205602        0.0780221633650865
        0.1408535424496163       -0.0818923149371568        0.0766340830585898
        0.1636238966900738       -0.0826623223614672        0.0799634972839412
       -0.1712497141652428       -0.0622537751784372        0.0824500022067870
       -0.1474611271179576       -0.0515151838967719        0.0856490594015255
       -0.1302312905041816       -0.0633315110688014        0.0831992252598738
       -0.1116711396183906       -0.0600923843550161        0.0763978162918338
       -0.0909010739424708       -0.0547720529936609        0.0717235974399392
       -0.0670125415187434       -0.0583780185939584        0.0761932584387309
       -0.0414845716810161       -0.0521690230959596        0.0808334896797232
       -0.0203646495742860       -0.0614527708582716        0.0845642112969115
       -0.0004751239761084       -0.0597722249967043        0.0958337197955995
        0.0196572588408510       -0.0559745154719952        0.0797727376927585
        0.0425473027699675       -0.0530423779640256        0.0801026102254281
        0.0598264588689451       -0.0643010956718310        0.0698209721518458
        0.0774223112166695       -0.0625205422290393        0.0771957201521846
        0.1024810122670039       -0.0614128299505955        0.0766825037659951
        0.1278225000401161       -0.0621868760674813        0.0757037003237502
        0.1406463225216054       -0.0632968614537216        0.0941248076234518
        0.1636503613965707       -0.0648247160147031        0.0949542806400765
       -0.1788804547862305       -0.0419798170305312        0.0789903656723535
       -0.1590390917689833       -0.0337463502737226        0.0827862578893367
       -0.1245793734999355       -0.0441691625926617        0.0934242025224466
       -0.1260454500063824       -0.0429885251626506        0.0728303848223596
       -0.1038210373281283       -0.0385565638289543        0.0845339604037813
       -0.0844923532522194       -0.0352435263697091        0.0685098681168466
       -0.0603586078084203       -0.0379163945769426        0.0749390572466249
       -0.0400785743348944       -0.0323926958024992        0.0863697717187050
       -0.0201946577758386       -0.0407666473929499        0.0737407418678806
       -0.0013786639729948       -0.0451020326096979        0.0824909680946618
        0.0171406179076014       -0.0332942448888165        0.0775538196451834
        0.0351514366189805       -0.0376654538926162        0.0894856050456024
        0.0615163567730466       -0.0428876235736093        0.0758931172564048
        0.0744044948283629       -0.0422692152662730        0.0929409396859515
        0.0875503702040727       -0.0439735853812794        0.0753643052507439
        0.1144403328455452       -0.0430380623916211        0.0738720563727459
        0.1286479105908279       -0.0420522771508268        0.0895101352412714
        0.1513894703712690       -0.0451130170547959        0.0884027688480024
        0.1738523358969184       -0.0437244535655292        0.0886765891900763
       -0.1839428644860759       -0.0208207797882476        0.0757067879542926
       -0.1610105775794581       -0.0123288229850011        0.0812808304546985
       -0.1388774190707912       -0.0264682682342095        0.0839200645498001
       -0.1187277134401980       -0.0215183930943104        0.0834158704003211
       -0.0938012576324448       -0.0187244124482548        0.0862966738652197
       -0.0780218868758945       -0.0184920169164406        0.0762028258779363
       -0.0621903263885250       -0.0210951338816322        0.0883763661488317
       -0.0464029848582679       -0.0164056026159214        0.0722249222614616
       -0.0232026677781420       -0.0182377363401288        0.0839044204084264
       -0.0046558947163651       -0.0255180751088695        0.0880080122056705
        0.0098187860468521       -0.0093035128267441        0.0811632838227619
        0.0315954192349519       -0.0171304316719447        0.0781093202107483
        0.0550963149960784       -0.0233426742103506        0.0862840690565765
        0.0727391047831515       -0.0264006420627046        0.0717849360824723
        0.0977376105920360       -0.0253937323473605        0.0759217578672248
        0.1162165565015030       -0.0221740067641012        0.0821499797310812
        0.1398675010879051       -0.0231942904611384        0.0793644123441777
        0.1605746214412195       -0.0283471228486609        0.0776694072040370
        0.1804097792621442       -0.0182539203434017        0.0843747942509333
       -0.1716718640411345       -0.0045453832218990        0.1025090756491713
       -0.1624527727457870        0.0085559563991952        0.0779811265364588
       -0.1295856079715483       -0.0037374446129715        0.0933865446605482
       -0.1189190726746329       -0.0016445344750825        0.0706233197273131
       -0.1060893716824969       -0.0005681251890076        0.0872374622815339
       -0.0797865479681624        0.0009226316358043        0.0865343164595674
       -0.0654870970247121       -0.0007488508405869        0.1013485859469064
       -0.0548608567648707        0.0007935422245721        0.0818673833008368
       -0.0324658218967050        0.0002679172503430        0.0810364124075795
       -0.0109100740647445       -0.0010365390964766        0.0698917223511601
        0.0268834681638665        0.0051045534910276        0.0879088501462008
        0.0470505579571982        0.0021420447429761        0.0799147206811000
        0.0577863634938777       -0.0016732341281678        0.0963322688260481
        0.0720350978536581       -0.0068415550293860        0.0801806515475437
        0.1089513470529732       -0.0020708861256179        0.0703550133153779
        0.1284363849233015       -0.0039641798281398        0.0748610380318610
        0.1383234739523675       -0.0030112163629004        0.0933149949583407
        0.1589066936340769       -0.0089395821335863        0.0872714088481556
        0.1757124413671921        0.0038611330448868        0.0954475226126180
       -0.1862518811656413        0.0144814878388018        0.0714179477689804
       -0.1656144773823649        0.0267170164404714        0.0718181611828763
       -0.1398833827578689        0.0159150619672176        0.0844595515539038
       -0.1186333096746493        0.0180480143080002        0.0843980156966437
       -0.0949680310630176        0.0190576765834143        0.0818844648290685
       -0.0807485803156204        0.0332486816781947        0.0769486378483185
       -0.0628972125337568        0.0213309632096483        0.0892109552289116
       -0.0463674123502108        0.0213532742611264        0.0734606684054605
       -0.0286625286805965        0.0194700914321454        0.0872675386896549
       -0.0088019116710542        0.0245174357705267        0.0839857585518026
        0.0077816818026145        0.0130636560114026        0.0727689846147967
        0.0304967214361344        0.0206940355964569        0.0741975628086750
        0.0665445765178261        0.0149947164555322        0.0839156584922029
        0.0873708353883702        0.0098450085786097        0.0772112112673303
        0.1096745622548541        0.0163030344813955        0.0817361469602171
        0.1315981117674087        0.0177029900730304        0.0887325378818310
        0.1465173443183253        0.0103456742676622        0.0751786058935030
        0.1669757469538646        0.0085157457924755        0.0740341836370598
        0.1801935540829015        0.0232184113539291        0.0836133271182430
       -0.1784667821557919        0.0370367945881350        0.0823279026235722
       -0.1494141898625502        0.0525345399481451        0.0893936677996786
       -0.1310856088140598        0.0367280047627482        0.0938207412140614
       -0.1227975797800919        0.0367452588716784        0.0721882735101221
       -0.1071747660987735        0.0387601377972198        0.0863162001676873
       -0.0875439259455842        0.0513069004985101        0.0761201083955314
       -0.0597889173598884        0.0421120960992176        0.0776757000187950
       -0.0446511503991895        0.0358575013130020        0.0917606883530240
       -0.0284037162553349        0.0383524167047120        0.0732124607145119
       -0.0031539908004451        0.0442958035891937        0.0923995141819323
        0.0139271000173830        0.0329524676451883        0.0829806760047689
        0.0400773311049009        0.0406196321987258        0.0875734751445170
        0.0504525195618039        0.0259505252150467        0.0721895258806157
        0.0661989570940733        0.0383074750496598        0.0877146303022859
        0.0970037648841175        0.0323722368492251        0.0710607979130101
        0.1207840933683588        0.0338758383611571        0.0752030128348352
        0.1291355549825441        0.0433288043513449        0.0893326529370170
        0.1604401801005826        0.0305191585631727        0.0811536139166720
        0.1717535751420503        0.0468813955144790        0.0911199441393770
       -0.1709548781816369        0.0576874645177953        0.0862936039175355
       -0.1334686706391920        0.0606747936708963        0.1060603059591622
       -0.1299784555784113        0.0560880733584227        0.0809202109705202
       -0.1090225136202968        0.0585529442691569        0.0756170144350165
       -0.0936270974952763        0.0763126085583205        0.0763711370111483
       -0.0717832021499887        0.0630619610318227        0.0828461628120418
       -0.0406595397789408        0.0552575620685710        0.0806067523839765
       -0.0175399246409480        0.0582870301898591        0.0808750406260185
        0.0020693247693976        0.0650572163182314        0.0915262343644214
        0.0220950621228819        0.0562861741744572        0.0844060678523932
        0.0402995660198511        0.0625902038642377        0.0757122923184440
        0.0566034309403878        0.0463778165579884        0.0710429327783964
        0.0850052292893877        0.0468778016774668        0.0799591428686220
        0.1090047813617368        0.0548846694803461        0.0780089522607085
        0.1273461006264368        0.0646282192080493        0.0822943612559213
        0.1507868911136815        0.0526663025975300        0.0839309314959000
        0.1613638077624588        0.0694110811618007        0.0956233409855682
       -0.1603823148920135        0.0766636458054742        0.0916525967294083
       -0.1359719940637902        0.0756095528276552        0.0911006832066270
       -0.1203338251391220        0.0771453281646094        0.0747177724699881
       -0.1105348101295579        0.0775476282921583        0.0917107956070345
       -0.0708262306861005        0.0854723813484654        0.0739055915308260
       -0.0541664996028053        0.0757949429574881        0.0889646688591876
       -0.0491734504688116        0.0914919097969392        0.0712449539321511
       -0.0362284836623583        0.0767296843851722        0.0791914386213507
       -0.0032508879916306        0.0888205489886456        0.0849359611916327
        0.0202714666798647        0.0771563063268439        0.0804065545944808
        0.0379036214434119        0.0844342236424994        0.0683256483917199
        0.0554723933882261        0.0814217117742586        0.0808947099402972
        0.0727549342184644        0.0624349542537308        0.0779996513731086
        0.0885310342309075        0.0797156888619933        0.0836290147379115
        0.1098225971735915        0.0750465172003750        0.0938609918697097
        0.1442593885622242        0.0741762543170763        0.0852299247912583
        0.1613792940443344        0.0874941432900901        0.0793819775845410
       -0.1487396991294775        0.0964418545507130        0.0926038369031234
       -0.1240185110069384        0.0962611699939190        0.0901596389675704
       -0.1070275533668135        0.1131148447703301        0.0870504973566693
       -0.0850237390577129        0.1002277471106082        0.0802367660611263
       -0.0620964963736589        0.1090209136919735        0.0709221964153866
       -0.0398420740607570        0.0998251939283312        0.0913949035545562
       -0.0234840283649221        0.0961931857478306        0.0767999100043042
       -0.0027949290725562        0.1074935030371449        0.0729250414503016
        0.0151833187929806        0.0962826886168982        0.0728906565651837
        0.0339015168299684        0.0993906965625811        0.0858294790357395
        0.0546124876223641        0.1032490420882042        0.0745801021176035
        0.0740004924435102        0.0991789262897940        0.0823518464663688
        0.1081476336394414        0.1034688531037572        0.0765868861734929
        0.1290009955136340        0.0911866467592754        0.0841313493877441
        0.1476074458725570        0.1080833053155207        0.0808086691226604
       -0.1378925640305532        0.1154394852096541        0.0875178042381641
       -0.1248316272250756        0.1181414707402651        0.1022724682171212
       -0.0950039191235805        0.1316743166917485        0.0818584673922786
       -0.0773332960657799        0.1185817885874539        0.0828502810556190
       -0.0583018317561309        0.1311156027281396        0.0730186587241504
       -0.0406428238330801        0.1131890465690552        0.0751743278416820
       -0.0205861593827812        0.1151706897085553        0.0848031046703677
       -0.0012205534445991        0.1263574869262551        0.0733905558125447
        0.0175049830482363        0.1158285888199699        0.0861182891122318
        0.0398286407894490        0.1191986495101864        0.0771901740729676
        0.0653211122065910        0.1261304604143127        0.0740347258351569
        0.0856453836194088        0.1143844329425222        0.0780961486454949
        0.1004417235222027        0.1282961298993140        0.0791902486298596
        0.1187380674199657        0.1131580320078070        0.0859710338531191
        0.1328728272861587        0.1264817845562069        0.0796691282350994
       -0.1216354690104901        0.1342640343251364        0.0847229707873279
       -0.1024669459101032        0.1509760029110997        0.0818948810292422
       -0.0783276288580255        0.1439394730792748        0.0756377985928310
       -0.0574606563022640        0.1454369233808404        0.0903157450871604
       -0.0380885764833757        0.1336461040406451        0.0849883324052732
       -0.0166806988513127        0.1450191402325145        0.0769135168863670
        0.0056527371950752        0.1382182072752532        0.0873295476117828
        0.0249096054896256        0.1385221980329912        0.0753408353986586
        0.0472376191409197        0.1326612147737439        0.0878831824009386
        0.0628687038801929        0.1452387198827631        0.0883100989787304
        0.0815991133466338        0.1425510041968024        0.0739701518086700
        0.0976135658511444        0.1498130839650705        0.0895970512119752
        0.1159342319321432        0.1432677909299355        0.0776762121865442
       -0.0815115642434106        0.1585862914099779        0.0905883716932432
       -0.0611074733866655        0.1693143064738238        0.0871696180041208
       -0.0380919279539678        0.1567394326869011        0.0836054117225856
       -0.0187537218984904        0.1652383948908740        0.0742277363579257
        0.0013663467975450        0.1606944505755174        0.0856735018211009
        0.0213000609377136        0.1634419930089395        0.0738562848405191
        0.0415675915961512        0.1555960605399201        0.0830115650139001
        0.0580362428560795        0.1729485994521353        0.0819791222038038
        0.0783553556110576        0.1627177044582203        0.0859266368854325
       -0.0404490303234791        0.1783322642195313        0.0810029598454929
       -0.0190539931252505        0.1786048758300075        0.0879616032647207
       -0.0027903600423112        0.1729782198942211        0.1003531230324772
        0.0175055609187694        0.1780543541085937        0.0893879316793331
        0.0377128300165723        0.1810303014654760        0.0761956194010770
       -0.0576765068343304       -0.1606718798950323        0.1042015718248183
       -0.0372516507265228       -0.1683007659928145        0.1014256708341045
       -0.0167768230848523       -0.1744107540405729        0.0964335372218839
       -0.0006410577806627       -0.1658187446456402        0.1118200920668965
        0.0190177956591175       -0.1696126821485881        0.1042586279318261
        0.0380910447745407       -0.1697696574197379        0.0986272565536589
        0.0583646212885038       -0.1568967985181756        0.1094393238104832
       -0.0983017852321379       -0.1379853583546558        0.1062864050994470
       -0.0780965836334031       -0.1510190424371310        0.1053288776104876
       -0.0548333910064529       -0.1376903414093780        0.1032009886447083
       -0.0350637398670720       -0.1462447242007124        0.1026825099236917
       -0.0148875962194017       -0.1526785322566069        0.0985753990163068
        0.0040465926223292       -0.1433784169151193        0.1117155422607440
        0.0233445586765049       -0.1478282607812149        0.1024904285068154
        0.0428758608190792       -0.1375482746086890        0.1113518398088816
        0.0616569096341172       -0.1322662555910401        0.1076698716687404
        0.0785268363159762       -0.1491921464912535        0.1075882865202407
        0.1004900206522227       -0.1349708134791950        0.1080954914327057
       -0.1173317012157189       -0.1217221471446790        0.1068503195824294
       -0.0947636248603161       -0.1171911178552159        0.1010145538064663
       -0.0741714974839274       -0.1291480927944447        0.1030708898198944
       -0.0578154710147843       -0.1120084639622799        0.1032965470344998
       -0.0375679153387321       -0.1209955994167433        0.1014244512229919
       -0.0166333718958829       -0.1299991161394656        0.1011261387561201
        0.0002549377632471       -0.1144886469332831        0.0965797688426293
        0.0235871102414863       -0.1257961719171183        0.1031948566279801
        0.0452290062282539       -0.1151367748201040        0.1067732930886380
        0.0678489260550922       -0.1086575577210588        0.0996563553828533
        0.0807111199978108       -0.1290206860336136        0.0993791195724998
        0.1012321113897166       -0.1149576890215720        0.0970817262762373
        0.1218745088672365       -0.1195262341546236        0.1042117241820264
       -0.1355830512097164       -0.1036518640578141        0.1042762068813408
       -0.1142694425070107       -0.1015893034774936        0.0974566396788156
       -0.0939197172875966       -0.0985272653424616        0.0898746126484776
       -0.0774955537350355       -0.0979895952444750        0.1037674041724388
       -0.0603098907510663       -0.0979991299618397        0.0875446914655996
       -0.0411515779142373       -0.0956952613428382        0.0995930413035250
       -0.0217731753851585       -0.1051820999652556        0.1012146169032768
       -0.0024263339950553       -0.0959658674740757        0.1036400727758049
        0.0195407710570384       -0.1054697772589197        0.1059406083490254
        0.0375686447823138       -0.1087482728641883        0.0892131507297025
        0.0559124673234259       -0.0956939289278252        0.0937432348343321
        0.0711907352508437       -0.0931007749288412        0.1139120740140654
        0.0884041490705491       -0.0957019353022368        0.0982058106510867
        0.1151747273034714       -0.0979213895075934        0.0976154503686389
        0.1379716487284284       -0.1027917306987552        0.1019690356747874
       -0.1507944394888448       -0.0848858608075603        0.1002767552169710
       -0.1324756448763898       -0.0837126848766339        0.0933294495205497
       -0.0958678706239368       -0.0790650170509931        0.1031522097911105
       -0.0760520681024544       -0.0797061585828816        0.0902991032258092
       -0.0591051144009000       -0.0817922807066288        0.1043432159769135
       -0.0405103674855887       -0.0770386603857383        0.0886737089824282
       -0.0217021946605743       -0.0798702743344532        0.0993182232785767
        0.0006930468011832       -0.0779260362385844        0.1085114093116061
        0.0200071158178589       -0.0729911567356495        0.0970476335856105
        0.0353499054746978       -0.0907395047213871        0.1021381759970494
        0.0551180625848679       -0.0770409940122656        0.1054807235398000
        0.0756562176280322       -0.0789384588769153        0.0957442601554047
        0.1020281471658107       -0.0784216135984040        0.0969751241708354
        0.1286091752165222       -0.0806960780098652        0.0964937541116305
        0.1516817188251478       -0.0846340142420842        0.0991450443254288
       -0.1592771654976576       -0.0667876283944238        0.1008473959073673
       -0.1387929336850250       -0.0636107970911317        0.1046816545329327
       -0.1173100458462276       -0.0652047169147700        0.1022113508707777
       -0.1016145445102705       -0.0576914737622088        0.0936389636303101
       -0.0817299973397073       -0.0587212892249570        0.0933033626077079
       -0.0566775867793770       -0.0651447699437166        0.0920354506126024
       -0.0370854345234139       -0.0582632334935716        0.1026017302448887
       -0.0179879061317711       -0.0637566510455830        0.1095751302483262
       -0.0013747397473872       -0.0529606366846565        0.1157508998705791
        0.0171955857821524       -0.0628065242242044        0.1157802269682678
        0.0369392796030604       -0.0592773694353192        0.1013397452869356
        0.0602591602692761       -0.0607920307867140        0.0929829628663219
        0.0724667413695957       -0.0598522899529077        0.1106583257532179
        0.0891102940569559       -0.0601595394719140        0.0955949056938675
        0.1157533772039100       -0.0606915386587079        0.0943576963140312
        0.1277220810841696       -0.0609915202121478        0.1131356308005714
        0.1496536993547017       -0.0665460848729090        0.1147840967469319
       -0.1671140971646815       -0.0463850685350657        0.0996057425283920
       -0.1451403050693733       -0.0379530800068434        0.1037595898469683
       -0.1108911580342886       -0.0434347100321560        0.1098562411697438
       -0.0924437771926181       -0.0378985181479147        0.1046545865091207
       -0.0790925082146809       -0.0390154190808518        0.0882063644043199
       -0.0591333883454351       -0.0448085373627742        0.0972000856594405
       -0.0423731454706898       -0.0376770758025977        0.1071139790656849
       -0.0211696045657714       -0.0429496562065221        0.0954578710629874
       -0.0032484327017123       -0.0354621222929536        0.1065956418661544
        0.0166518265012394       -0.0474866032191853        0.0987885283317519
        0.0349850853922291       -0.0385682530708540        0.1109269799906780
        0.0542725980924989       -0.0412159718277158        0.1006332293477849
        0.0875935489370834       -0.0392894274071260        0.1089325114339288
        0.1023639944910384       -0.0413905896570684        0.0923388881272133
        0.1166943491524760       -0.0394669804099506        0.1080670468610091
        0.1391574673398547       -0.0435912201949226        0.1088067718303360
        0.1607149225969978       -0.0473331529582292        0.1092258498466967
       -0.1744389465439066       -0.0241908370027173        0.0947937620420719
       -0.1497143942378429       -0.0167624412383318        0.1001710961721789
       -0.1268588786196266       -0.0238847275996656        0.1054831116217293
       -0.1055660769604394       -0.0204481667199300        0.1015709508514084
       -0.0804242801867010       -0.0190533590516800        0.1026755728489811
       -0.0598458283361053       -0.0230147943775122        0.1093715969778383
       -0.0431023943886551       -0.0130495377490671        0.0974555109742230
       -0.0246327401797771       -0.0221724866276686        0.1046046454616140
       -0.0054663867503627       -0.0116287321063460        0.1024247042909226
        0.0164056288405826       -0.0252569273962874        0.0987210195112145
        0.0371166441646644       -0.0163403161346037        0.0964826229869676
        0.0690777049585657       -0.0208527408164292        0.1027959206741770
        0.0843242383701305       -0.0229098981937982        0.0910881384295087
        0.1025169344092923       -0.0210569295179626        0.1026972185497697
        0.1276704857649045       -0.0215206693508040        0.0997646633248035
        0.1491358059760538       -0.0259129784274801        0.0997422790656185
        0.1703956329781462       -0.0277422713789378        0.1009737325963377
       -0.1593519179830248       -0.0057010476787668        0.1207247460316027
       -0.1526268420977648        0.0044066025128335        0.0972683935501356
       -0.1150963565601705       -0.0033298719455087        0.1093459371135754
       -0.0910408360187007        0.0000623904158098        0.1040398342484795
       -0.0723726507532740       -0.0036659792239000        0.1211128145255275
       -0.0464958157944873       -0.0040238924033270        0.1157106492090640
       -0.0259376304156004        0.0021183062551695        0.1045107973831050
       -0.0102150598602479        0.0020485198612788        0.0887062395497418
       -0.0011855119307308        0.0045824489282873        0.1138411575912495
        0.0171828710045338       -0.0058127071878298        0.1049327147656987
        0.0390977774431718        0.0017211824012794        0.1054687439042588
        0.0626221273731680       -0.0004196228451023        0.1147276326745153
        0.0812499217643489        0.0015589710982922        0.1005052491374295
        0.0968324819024826       -0.0049584037552457        0.0886855916644376
        0.1161141440995525       -0.0019157050658592        0.0945926904324225
        0.1450566470268661       -0.0059790363675544        0.1099682423858617
        0.1664380654589513       -0.0103473581176367        0.1104142315795627
       -0.1759705840374295        0.0172865699010088        0.0934640469525922
       -0.1551894742211900        0.0288436249944877        0.0928878669026258
       -0.1420641941313921        0.0189432172168643        0.1102551112841445
       -0.1024513976079190        0.0181891770755058        0.1023402722506872
       -0.0788657792864747        0.0207857069028785        0.0997316319736338
       -0.0594523571334964        0.0156373812725637        0.1146507494633856
       -0.0452905272941435        0.0121158989992280        0.0984808451233709
       -0.0143316066076986        0.0205529881073753        0.1045152045241688
        0.0074216779397575        0.0118441012393016        0.0947104575511401
        0.0265807446488685        0.0254141882781137        0.0980880677995336
        0.0470810068873968        0.0207645847107986        0.0941477287265788
        0.0683548028427078        0.0204090113192112        0.1048536234098835
        0.0857919379093576        0.0248162295992788        0.0902038909046925
        0.1017847925704451        0.0166396633475066        0.1005667835955203
        0.1552099104075159        0.0124407266305266        0.0952267275609479
        0.1625506105559261        0.0096109800096413        0.1161246231947092
        0.1688730811859577        0.0276551638748048        0.1035233035591057
       -0.1679024834181787        0.0396698580352290        0.1011684656533468
       -0.1408939399088426        0.0406581560430687        0.1096299953482162
       -0.1157611684523533        0.0356003416537422        0.1064966414195953
       -0.0928950267084920        0.0388395120813863        0.0986550455991941
       -0.0723296007594793        0.0432162500293729        0.0949516266465027
       -0.0578595170880676        0.0334856545488580        0.1083351199277864
       -0.0348564381279841        0.0259222608136835        0.1112951368655755
       -0.0245563492106305        0.0414063874796134        0.0947353643878298
        0.0039786596373246        0.0295849096123908        0.1068113274453656
        0.0189466754269332        0.0470466174791810        0.1008159978963097
        0.0372870383930543        0.0369351229909759        0.1125469591646840
        0.0570942842950028        0.0400434134574261        0.1049800398093405
        0.0844804919045109        0.0410082127690183        0.1042354465810245
        0.1044534505034547        0.0386468028610414        0.0916461293876898
        0.1210837894386710        0.0274164515957773        0.1030932040561293
        0.1465793792752908        0.0343548164873997        0.0981945034152972
        0.1599221075160867        0.0509405333706552        0.1087657189284893
       -0.1581397133281913        0.0590319734314028        0.1072709521499974
       -0.1232058049882669        0.0469293915616002        0.1228980219283390
       -0.1153444760218814        0.0570054559396614        0.0998904931540011
       -0.0944119157364499        0.0602681322164690        0.0932977461385534
       -0.0786423876100844        0.0599013520281655        0.1059031342410367
       -0.0549599443232343        0.0555088151638825        0.0984722964565459
       -0.0385769641520216        0.0461690010241673        0.1137158448947084
       -0.0153662699374957        0.0598018509969941        0.1067166205684931
        0.0044327834628615        0.0553142429997650        0.1139486211715779
        0.0203194548495358        0.0703188600782839        0.1035858297826158
        0.0396458978219718        0.0573118007629011        0.1014506886001987
        0.0563168514566882        0.0596994365501175        0.0903210748112587
        0.0730023554448831        0.0581474160993802        0.1043113864911070
        0.0925283324609345        0.0606269136831820        0.0934837475552032
        0.1153823843201391        0.0559192658290525        0.1020676531736459
        0.1389325209679032        0.0573078247440184        0.1032328305979512
        0.1484332431413588        0.0739676629412719        0.1117871065678594
       -0.1469572032833859        0.0795053309743713        0.1099203473286500
       -0.1211405622626219        0.0806978908458216        0.1095576972905196
       -0.0981815140803120        0.0738499299636932        0.1102419773840993
       -0.0797689187358267        0.0801481000957222        0.0938709522207721
       -0.0632412150449389        0.0746002363136273        0.1074831373912450
       -0.0345643775879573        0.0634913985109102        0.0999580292133441
       -0.0202554065760634        0.0780231044174178        0.0921492463054337
       -0.0025180448988019        0.0787552151655694        0.1056150756254119
        0.0153809495475212        0.0911035443880105        0.0966551969379198
        0.0378057711402859        0.0776761167589714        0.0926663841588240
        0.0560285971081792        0.0756581384167748        0.1064878533580694
        0.0726600110722746        0.0786786667817510        0.0943551473234750
        0.0931444185601460        0.0809902047079874        0.1064700023953673
        0.1289612926295299        0.0765344927121706        0.1033693049180668
        0.1482954677573078        0.0919310753788508        0.0977605833225043
       -0.1338730011582346        0.0991344438645283        0.1106814420466747
       -0.1099371008144746        0.0992341359518575        0.1065872688106451
       -0.0956152546071518        0.0932181771480178        0.0963261978552681
       -0.0747046805592196        0.1033910913522302        0.1023106595711693
       -0.0616395924095081        0.0958920741257923        0.0917482637069100
       -0.0412175551036818        0.0857616289223161        0.1039493312855058
       -0.0193660570189829        0.0981103525257419        0.1014694196064040
       -0.0009143083003252        0.1100055355631105        0.0943806709643488
        0.0200301298468369        0.1080508632959256        0.1067847851131297
        0.0351188502600982        0.0918146931315430        0.1087781543405593
        0.0541820182534373        0.0963880255275270        0.0968078540981689
        0.0772218646419170        0.0984184340704947        0.1043202512985868
        0.0957496030841513        0.0962184829862705        0.0900080170078379
        0.1147349219034014        0.0957012608801981        0.1011361756490383
        0.1340122552028057        0.1106371988438200        0.0989955839197225
       -0.1110825033217752        0.1172065758663457        0.1179970169642391
       -0.0923552495049929        0.1180109004708755        0.1009300508917441
       -0.0750946523373398        0.1341526972575389        0.0968836759498128
       -0.0567156174398469        0.1194742454630730        0.0920996924910350
       -0.0338607923831420        0.1202935784542284        0.1015788910632359
       -0.0147352814455073        0.1318299326328460        0.0942901063866284
        0.0048403747398683        0.1262143818747238        0.1063902753698751
        0.0258454593991814        0.1305904175845600        0.0967590886110266
        0.0412252785582652        0.1162863400515900        0.1013719954477159
        0.0645920159728471        0.1166512700478756        0.0920447904661404
        0.0811114462052456        0.1311995512712555        0.0940750805240679
        0.0982045596288004        0.1148881562753793        0.0985138797647632
        0.1166727289379068        0.1295143082961900        0.0980485507240320
       -0.1083743746675752        0.1342008588967961        0.1012182019165250
       -0.0910510278207190        0.1447520602555271        0.1037137957112016
       -0.0546107564838341        0.1330497854800533        0.1098225448638768
       -0.0360727095997666        0.1440507217480288        0.1034549933796282
       -0.0173731484110581        0.1537389215299687        0.0964715071586886
        0.0019515360891564        0.1474693128536071        0.1070828272668161
        0.0220755523327988        0.1530830601135445        0.0943645039661354
        0.0425111038252873        0.1434408292906779        0.1040499059180443
        0.0617396597919599        0.1320645771615907        0.1083553647023883
        0.0783631431830762        0.1515865425629581        0.1043107754995254
        0.0989792623374719        0.1381625807320331        0.1054239389512086
       -0.0676823377505378        0.1551092810471277        0.1065842956882070
       -0.0475123265706129        0.1647670300416436        0.1029291242820265
       -0.0279818327656857        0.1695833166013827        0.1022668850426164
       -0.0079104778834473        0.1619577404554234        0.1170773874551799
        0.0156538707181066        0.1664112780713944        0.1098282426989596
        0.0369179998186264        0.1712913136987830        0.0964175666742822
        0.0573286988163112        0.1627486088099804        0.1011252227101498
       -0.0219526674306033       -0.1602225282636994        0.1176725195203650
       -0.0042489417032085       -0.1512574174832524        0.1307789743657585
        0.0181418170071906       -0.1557055675183092        0.1242040689637917
       -0.0847009849643197       -0.1338190117035023        0.1221401460744775
       -0.0642095829412805       -0.1448415583428944        0.1220575782978200
       -0.0433109679275991       -0.1532853765532537        0.1209452496119637
       -0.0164546862880717       -0.1377513397082791        0.1186530250809931
       -0.0011957318921559       -0.1272943241502345        0.1315113568774736
        0.0237258921446444       -0.1324703336226656        0.1231892958234372
        0.0384253543294694       -0.1577535913467839        0.1167788361443280
        0.0599604940278499       -0.1411728726079127        0.1283548176509744
        0.0814940094213443       -0.1347401858673018        0.1233037255909922
       -0.1022925138356624       -0.1196359497365948        0.1233834719456147
       -0.0782976837228609       -0.1137109031123936        0.1170700178274112
       -0.0551257902121659       -0.1224261036062254        0.1210335330072167
       -0.0361298225844347       -0.1300468244353313        0.1188976392082162
       -0.0157447885561850       -0.1138936190911169        0.1173759953185244
        0.0050950279417320       -0.1223361036846090        0.1145052526880687
        0.0183625756641463       -0.1167835508936101        0.1370291274007277
        0.0456357017560379       -0.1213030298782728        0.1296299495977886
        0.0662988421434573       -0.1165320955919305        0.1213276316550161
        0.0861474182656491       -0.1137127685170665        0.1125726831128925
        0.1063158831426648       -0.1185004943626194        0.1210560441767834
       -0.1202767979432407       -0.1036039045458271        0.1216541114049530
       -0.0981595658847372       -0.0991904296071836        0.1146396844896096
       -0.0817879172572557       -0.0948146523794813        0.1299608885711717
       -0.0587824339747140       -0.0961574945042209        0.1189625595128473
       -0.0377178382899795       -0.1054135422720634        0.1187750954997991
       -0.0198320750905569       -0.0998271987796821        0.1342935751528712
        0.0031450652670431       -0.1028561141219206        0.1237779606039890
        0.0203789143389008       -0.0930595369498005        0.1374951923347232
        0.0292456163787004       -0.1079734944150013        0.1216829967986812
        0.0504923961128967       -0.0983423066629348        0.1172877004282725
        0.0831792021916596       -0.0977254227786786        0.1286882974891787
        0.1012875261011804       -0.0960213849531514        0.1150671159920360
        0.1228365402027321       -0.1021196797593408        0.1203443202824785
       -0.1375991621636453       -0.0848754496149664        0.1177396646062895
       -0.1174292341442472       -0.0848350132676038        0.1108595908563133
       -0.1009928072746532       -0.0801548589059537        0.1266416351504056
       -0.0796295850049684       -0.0802213740210726        0.1167458359108898
       -0.0610755216994158       -0.0753739265440143        0.1286642121061018
       -0.0404758446868283       -0.0793395508194821        0.1135389317778928
       -0.0186565151073384       -0.0882150037649144        0.1190068778433810
       -0.0024428537935254       -0.0725619644648813        0.1273519703179648
        0.0175549757298509       -0.0861113239134902        0.1177854875314128
        0.0369278875330697       -0.0755141988536689        0.1175115532083838
        0.0618657389383602       -0.0776228315480632        0.1262748388863375
        0.0859027834941507       -0.0762872925726603        0.1156561035887265
        0.0985304109019535       -0.0784591539099097        0.1303556635142487
        0.1153538074476001       -0.0788289651577641        0.1142241723079241
        0.1371697377786975       -0.0848596742836897        0.1182509988593009
       -0.1389120407489806       -0.0667722819487338        0.1274555110347269
       -0.1174914574608555       -0.0641397438596758        0.1224405781591532
       -0.0947304146294168       -0.0603560940612659        0.1150189868432347
       -0.0760633427327974       -0.0581946478755818        0.1298004260985199
       -0.0718512204047810       -0.0636860486547632        0.1088725453689191
       -0.0528990387009635       -0.0593283157562583        0.1171573709979515
       -0.0295733691971294       -0.0664545190633535        0.1250745106052001
       -0.0141738478367499       -0.0556148438905096        0.1340608260578131
        0.0104275577755660       -0.0546031974318182        0.1364127340686443
        0.0328868044068330       -0.0555362698725807        0.1265349770579036
        0.0523987343120666       -0.0567301247727314        0.1180665127108233
        0.0695715252362027       -0.0572559045905928        0.1344814478667808
        0.0879224805892587       -0.0548661518781022        0.1260388524022310
        0.1027747391244566       -0.0581401400825149        0.1117606990944561
        0.1325157246569561       -0.0680584631165598        0.1334452260527811
       -0.1531270746632438       -0.0503126378155630        0.1184091951529830
       -0.1304241585796602       -0.0469730227963581        0.1159592292890214
       -0.1160567922332930       -0.0431543185608694        0.1330428662228234
       -0.0748228768685931       -0.0430644264523410        0.1119373217265675
       -0.0591142358182210       -0.0389729818869340        0.1233960170054031
       -0.0389648433308082       -0.0471877850509376        0.1299824281463089
       -0.0226516529958543       -0.0424099085693292        0.1176605125564047
       -0.0024690064902242       -0.0372009752217041        0.1329915282608757
        0.0157561882560111       -0.0383722389638196        0.1196170356495789
        0.0288866192039623       -0.0381664910825699        0.1365327944406768
        0.0483063155143701       -0.0353917667899760        0.1280283527883456
        0.0680162704932173       -0.0386967952066391        0.1183889280115640
        0.1026918419261638       -0.0348818191508122        0.1229917919462964
        0.1229392113606259       -0.0422226197670500        0.1283817863164468
        0.1448364556084790       -0.0488698651195148        0.1289733981183113
       -0.1632499523791249       -0.0273112784236471        0.1122655206516976
       -0.1507701703201591       -0.0282025491065145        0.1283470762000108
       -0.1323207951351177       -0.0265978098982723        0.1241525651185950
       -0.1071675352889344       -0.0261053743307700        0.1212408760160916
       -0.0805526756961479       -0.0246880208308600        0.1229032492063046
       -0.0594164443916665       -0.0158796758904932        0.1304657227340800
       -0.0381846760057070       -0.0235605365985176        0.1228103072697267
       -0.0135123686534193       -0.0218105413742082        0.1241095548059566
        0.0061036026929453       -0.0178003936349234        0.1203279800151617
        0.0296066456947605       -0.0192079516505405        0.1193921935019194
        0.0502697731027611       -0.0202897723927688        0.1116354583493502
        0.0625345383996028       -0.0182490063235053        0.1286273488746699
        0.0830084249917346       -0.0177820595617356        0.1163194931387621
        0.0976249738285850       -0.0148814599214064        0.1299698648113533
        0.1167090516221295       -0.0151986570355758        0.1168007965758926
        0.1349499895097984       -0.0249457417590224        0.1204648812053172
        0.1563080285458925       -0.0290326247835771        0.1213462274706696
       -0.1442382978016027       -0.0075317152405930        0.1383422810219734
       -0.1391749007073516       -0.0043981278473061        0.1150982409997714
       -0.1211938582461218       -0.0104967147210108        0.1288840545679886
       -0.0964027878190232       -0.0083598645120474        0.1212668091231108
       -0.0724808969264123        0.0105925278324489        0.1419081752047524
       -0.0563084189788509       -0.0062647054131829        0.1533817938358131
       -0.0406932377033655       -0.0044423067764541        0.1383753554819749
       -0.0217402522524859       -0.0047900478658790        0.1223287182367942
       -0.0010591815821248       -0.0022137173289239        0.1361995096222673
        0.0201875289321963       -0.0019005073155398        0.1296412417116740
        0.0423484143871615       -0.0004959434077537        0.1252932929602804
        0.0577077903330510        0.0001843808631926        0.1382174334073766
        0.0786113938640740        0.0024269971201863        0.1251001588452789
        0.1000124850891448       -0.0000329840929660        0.1138718065707579
        0.1223757395603623        0.0064491131888318        0.1108720755291626
        0.1326573482996893       -0.0017503733783966        0.1276255019974524
        0.1494894276758252        0.0136860732702657        0.1321574910199894
       -0.1648431525206364        0.0163983852291125        0.1120617153727778
       -0.1260709142611330        0.0274883986852572        0.1259545596308466
       -0.1247064847701977        0.0149639833099424        0.1054254217879899
       -0.1064540576456145        0.0113252899193952        0.1232566273825312
       -0.0834664228126192        0.0148919705895548        0.1188975673190782
       -0.0559139670606511        0.0087823732810700        0.1340037829194473
       -0.0359117735651494        0.0132499797539310        0.1250452492519533
       -0.0157558343887553        0.0175572343438760        0.1259184641282755
        0.0071992226505971        0.0175066330076521        0.1270650742042057
        0.0235065250752602        0.0139056415124172        0.1130674389688395
        0.0482083157072062        0.0191662365659914        0.1163790097824295
        0.0660890314706648        0.0198060082488926        0.1274164823369464
        0.0871187096571744        0.0213869206675865        0.1151833566386378
        0.1067284426955489        0.0210477736916283        0.1234245027823794
        0.1264666665056115        0.0221192563407496        0.1284389306032402
        0.1409370817890296        0.0172019149909905        0.1115232710318229
        0.1554200455399833        0.0332410318142576        0.1214069324774448
       -0.1568410484252916        0.0361736757427949        0.1187112071682405
       -0.1077621348453013        0.0457767597136204        0.1389795022977651
       -0.1015335120371459        0.0323686883642037        0.1217973606019114
       -0.0804475017645678        0.0389802640624298        0.1165515374460268
       -0.0685897411662921        0.0304393492222386        0.1292242164593599
       -0.0487009105538556        0.0314622053446006        0.1311919149886356
       -0.0155696530084698        0.0404125224699776        0.1145210907986808
       -0.0024561046309836        0.0373381299733345        0.1300293172376696
        0.0180467809900424        0.0366192513431806        0.1204618617328110
        0.0321936630509377        0.0417998562591000        0.1378292364431601
        0.0500212722410898        0.0390692300019629        0.1291868957016547
        0.0711138129768428        0.0394481779993698        0.1208728424399021
        0.1060432292054926        0.0396183747527760        0.1133184047022777
        0.1317341174553101        0.0403287693621398        0.1155580365344659
        0.1452029433676092        0.0552850892388493        0.1259351583959082
       -0.1453286319418134        0.0583013168730023        0.1244208390992230
       -0.1155559931847009        0.0655280428396865        0.1236353384342926
       -0.0993722191108433        0.0526013575652340        0.1167816188087358
       -0.0800042142181017        0.0643652159309849        0.1251652868395268
       -0.0611900752381006        0.0519847761775003        0.1200275002168784
       -0.0426507754998641        0.0516310210978400        0.1357257945057435
       -0.0269170726155838        0.0611422085058769        0.1253302767943574
       -0.0110272392550292        0.0544481268484651        0.1339094261883528
        0.0121003517299100        0.0568270252405350        0.1341913833149330
        0.0287936592182270        0.0568910582939808        0.1217161205981731
        0.0538146081788524        0.0570354386731938        0.1195976405658734
        0.0770199528192645        0.0590233487253083        0.1286083979940636
        0.0957855510668137        0.0609499078177188        0.1150878934549005
        0.1204597359094111        0.0592821705350339        0.1217535557636822
        0.1335129310459701        0.0754775402065389        0.1283644737354203
       -0.1334925924173128        0.0788190494725014        0.1263617236845179
       -0.1010926937611770        0.0864382021233284        0.1254896226261675
       -0.0978580491201891        0.0671197533925831        0.1368871850903653
       -0.0801121711986302        0.0849201494902213        0.1157956250886573
       -0.0625050818798646        0.0750900714078033        0.1316649877022831
       -0.0460228482803412        0.0689103232804745        0.1185294742118196
       -0.0238343190097624        0.0806248656910321        0.1157020775657829
       -0.0046490717085178        0.0733431981028646        0.1257359517017840
        0.0165157737490649        0.0785393359459213        0.1204184046770507
        0.0389941349353483        0.0742521484515619        0.1184395103116807
        0.0588501342150233        0.0745703241165425        0.1323853236966841
        0.0761496346615994        0.0776257843198687        0.1179363036565482
        0.0965511978723885        0.0819717273413264        0.1295505703675919
        0.1128155750568267        0.0781748629024491        0.1179054893261164
        0.1334253564850434        0.0943348856503586        0.1153195717060715
       -0.1179015507319191        0.0979806938078416        0.1284484643758257
       -0.0910960410032240        0.1046227073262288        0.1179872839357664
       -0.0730048255152703        0.1031970960850972        0.1287950571030883
       -0.0577470321286121        0.0927087882433384        0.1177646232141518
       -0.0344345409984948        0.1041445439199926        0.1179143119827646
       -0.0169969144681249        0.0969648550788886        0.1279818310127561
        0.0005051487521960        0.0958117821435225        0.1135939398740937
        0.0209840455871671        0.0981085950812998        0.1281972048703388
        0.0398087004162162        0.1072542760180324        0.1220827856407916
        0.0576865504859970        0.0924006334551580        0.1198637244611612
        0.0793268775307327        0.0983492281722480        0.1280340160886419
        0.0985030804484675        0.0999179550765615        0.1154259290285862
        0.1179099317664156        0.1128882632871726        0.1155572932141487
       -0.0966091182867288        0.1108177156518087        0.1355953987281635
       -0.0717144717984891        0.1202278706468911        0.1143995566574092
       -0.0522353249929185        0.1093784181757276        0.1092960755810957
       -0.0382773774901484        0.1277834404127237        0.1221709886174659
       -0.0143588448728533        0.1160660632545672        0.1126373765467844
        0.0035497243689822        0.1112592273606000        0.1256702783549990
        0.0237037287400288        0.1233765971561613        0.1199254660906345
        0.0436047351896908        0.1281909839646914        0.1228147552726393
        0.0598318438894950        0.1115683779144567        0.1123484878593141
        0.0807425436323312        0.1174418779289222        0.1129288294087925
        0.1007116982930501        0.1238321968940091        0.1205103351617005
       -0.0929089012792034        0.1294900962988838        0.1208314984561472
       -0.0736562479058422        0.1412573053547726        0.1209178682375471
       -0.0503384345611778        0.1508758950147634        0.1212538920190080
       -0.0175240752058942        0.1379184910625670        0.1153621650600581
        0.0018091755429396        0.1312705137648991        0.1275698571442407
        0.0222934813427141        0.1419414234056481        0.1159107813579383
        0.0359242738541855        0.1597708365660284        0.1148160543829462
        0.0595811245978349        0.1500360514005865        0.1180646979942460
        0.0811175615655558        0.1376883333868673        0.1202574906346124
       -0.0290362788107244        0.1576234456778541        0.1196317010499029
       -0.0096330820615181        0.1487658279514531        0.1333264121739222
        0.0128283182185891        0.1529983120661676        0.1281676666545479
       -0.0468278048883852       -0.1377034018122514        0.1372768364245439
       -0.0265123481397562       -0.1441937982765344        0.1360339808434186
       -0.0106294442642013       -0.1345571892226982        0.1475851542712779
        0.0133945764074751       -0.1412616556791425        0.1409458405722849
        0.0383271654697750       -0.1434865301300639        0.1339501550857366
       -0.0866685851567478       -0.1146878047145395        0.1390512992144304
       -0.0696289619369065       -0.1284173835077921        0.1366044774525686
       -0.0523912057315194       -0.1227485267763065        0.1489562376727410
       -0.0261046337236889       -0.1207926458160812        0.1354891607741548
       -0.0050497267111937       -0.1103085083263017        0.1443254673789152
        0.0316694846841668       -0.1302103916687554        0.1484664866648616
        0.0496757905878826       -0.1194170442408800        0.1525512548935016
        0.0675714786996166       -0.1233269749600344        0.1422130533066863
        0.0880273412228853       -0.1186714581210904        0.1347897334674141
       -0.1041025901131942       -0.1003637984122282        0.1381656929688447
       -0.0852782589124736       -0.0959144524182763        0.1533885144429727
       -0.0646285949600229       -0.1079006736703007        0.1327810655803560
       -0.0448796834939619       -0.1068704207352912        0.1393943566149866
       -0.0280324153269632       -0.1000657790077522        0.1518262032813599
       -0.0153428283795712       -0.1161043933778441        0.1621245430582503
        0.0142442665295519       -0.1013049997372456        0.1526027949883395
        0.0387290163030807       -0.1047726293598286        0.1450912630587118
        0.0611053662008827       -0.1014484448327754        0.1363654582209972
        0.0821763730901954       -0.1038457548448718        0.1498769592153847
        0.1040738831239585       -0.1020077762525499        0.1369782480659953
       -0.1217414538457408       -0.0840918937851246        0.1345643780138255
       -0.1040140606383648       -0.0811845195604809        0.1503001962203909
       -0.0831025720111646       -0.0760223440479992        0.1409128507938272
       -0.0626629821349257       -0.0895905567155976        0.1435790219422872
       -0.0404666280871092       -0.0876394547936656        0.1324341234403338
       -0.0217813133004472       -0.0784170826861633        0.1416528470853948
        0.0001083712051048       -0.0873578103884439        0.1374136386639666
        0.0208603777706947       -0.0725219934118695        0.1388301734521569
        0.0399262819932144       -0.0886224622880433        0.1319761712110068
        0.0554646511314625       -0.0858479020291408        0.1503311350524939
        0.0766658844310375       -0.0815600944550664        0.1397435298863691
        0.0978112880829742       -0.0864967758468839        0.1514967316858538
        0.1190272477393244       -0.0854883946821530        0.1361038157702335
       -0.1218055718610268       -0.0643783143755681        0.1449787409301942
       -0.1005054973442886       -0.0607623076178788        0.1378981632706507
       -0.0825802440365821       -0.0550019155325288        0.1514154565710834
       -0.0588788583796814       -0.0528007899535447        0.1413174894263296
       -0.0441640043576630       -0.0671981029204761        0.1410730853874085
       -0.0256904288515714       -0.0577099771740405        0.1499603123758625
       -0.0018989401666658       -0.0674560560319868        0.1506381642167946
        0.0307674915093302       -0.0554202378353043        0.1508094216741713
        0.0461651245961207       -0.0698261790477444        0.1392889582106266
        0.0510965949997890       -0.0516378818528052        0.1425474894900034
        0.0901018252103277       -0.0646452749850971        0.1449603821922741
        0.1112880958710304       -0.0614200403030666        0.1298857996873599
        0.1264147612222294       -0.0509298552005582        0.1463743761785831
       -0.1375010488613550       -0.0469343689375021        0.1374431758891514
       -0.1188417312244058       -0.0448179879309308        0.1544926888067986
       -0.0984797752605588       -0.0394134409557617        0.1484883309715827
       -0.0925690402387280       -0.0428178401047411        0.1279965454848415
       -0.0729543038639667       -0.0364290083431241        0.1411178229692635
       -0.0419840507205309       -0.0445231620101539        0.1536793441518970
       -0.0251192572068372       -0.0355430523235147        0.1404413344430049
       -0.0068819292865567       -0.0454540127277034        0.1546168078312262
        0.0115274661164018       -0.0452221630309664        0.1533553909389334
        0.0450179914665586       -0.0345216296380509        0.1531763199618679
        0.0659382653828894       -0.0350100964870892        0.1438698868017324
        0.0828639105721813       -0.0342989496776477        0.1337800443706712
        0.1033048410764334       -0.0464349388768586        0.1421973302336299
        0.1218362373679574       -0.0330013572532295        0.1551349144074285
        0.1397613280113829       -0.0298795244722894        0.1399070594086421
       -0.1333306949030950       -0.0270217345839662        0.1466040643465802
       -0.1138323649288169       -0.0227052204053301        0.1432744346246284
       -0.0933444367019173       -0.0216045345190688        0.1393346039613151
       -0.0727416685301061       -0.0146249042116702        0.1449795049342795
       -0.0601726152984660       -0.0291320799332420        0.1628306252296722
       -0.0500249166539203       -0.0285559069712595        0.1423052598452479
       -0.0269647161848569       -0.0165042320917333        0.1427945159352606
       -0.0061388871102029       -0.0201925867300229        0.1468437587622555
        0.0144304608773096       -0.0235182081769661        0.1394493454916411
        0.0384372504524516       -0.0172864746229527        0.1396056952947345
        0.0575275942548860       -0.0158540611010296        0.1526338472376424
        0.0787288339526288       -0.0120684082195572        0.1419275422236853
        0.0999187758753138       -0.0290008888636139        0.1478980610550107
        0.1177505258467104       -0.0209958553856306        0.1379001260209257
        0.1513187296608369       -0.0093374178543675        0.1304433007386961
       -0.1510373059859239        0.0143268180074658        0.1303168235607014
       -0.1280556437263574        0.0079245397206898        0.1292420231128565
       -0.1092672941828946       -0.0002352651254226        0.1431326211284708
       -0.0885617895508986        0.0008337787944996        0.1374403794988733
       -0.0765302674941238        0.0032072573942705        0.1607726849349401
       -0.0367353250701137        0.0017050947745019        0.1597505886783083
       -0.0187450304302117        0.0029138658249206        0.1444482784050324
        0.0168178503664455       -0.0092079887559900        0.1534931875258920
        0.0352632259035647        0.0036436050324727        0.1469229179475877
        0.0527181410470869        0.0057621577506445        0.1594362190096917
        0.0718934837417810        0.0121796722044283        0.1485035720326115
        0.0933733691550279        0.0063460202502071        0.1361875169862270
        0.1002506601675163       -0.0070351767764861        0.1523754058095721
        0.1149926247927641        0.0014096887028208        0.1354618717039915
        0.1353885474504405        0.0134755382018764        0.1465890551696742
       -0.1352688382132147        0.0157329537080883        0.1464746243477354
       -0.1115638419121625        0.0231497542355780        0.1419143801730320
       -0.0953925648819147        0.0123455876892476        0.1553438258818755
       -0.0891454399983031        0.0246741981391264        0.1371692206319177
       -0.0529905846368426        0.0177225338513701        0.1533016898696880
       -0.0328817835823127        0.0192159011248354        0.1464259671709869
       -0.0076654104547152        0.0217364301374877        0.1454845725934574
        0.0146178019608502        0.0131887557263327        0.1473926129580515
        0.0313689653251479        0.0205276102078326        0.1316882803748649
        0.0507831385928700        0.0221255427516387        0.1418155978565115
        0.0596308529348486        0.0285010185938758        0.1624143533038035
        0.0864659451812318        0.0249639009453681        0.1371745710901339
        0.1089423678734320        0.0199484648202433        0.1460523834947428
        0.1240280911106410        0.0328848448718329        0.1534132316216698
        0.1403822166091524        0.0358309967051550        0.1378730320304785
       -0.1431359706081387        0.0366779358254533        0.1347843572780969
       -0.1274306725542385        0.0375806901920455        0.1494962053234335
       -0.0924568487334011        0.0355171955281757        0.1536308203413359
       -0.0851484509377534        0.0470708003346892        0.1369805856750080
       -0.0669547510725306        0.0335206375328177        0.1479137040025868
       -0.0430772355932060        0.0394069597204641        0.1525263062827367
       -0.0261421078021497        0.0363319610329366        0.1339497092009079
       -0.0009829012629858        0.0459335278555506        0.1537318052569743
        0.0139125143086876        0.0338793852647006        0.1430341488745427
        0.0442095842465940        0.0435594126796854        0.1528364113139765
        0.0697784972174595        0.0376109878679628        0.1429697263564579
        0.0914898368122527        0.0424469708281358        0.1284900119958892
        0.1153178233861575        0.0411672871968670        0.1337908101433878
        0.1126004475903223        0.0532597015713744        0.1564753764242456
        0.1292118356092865        0.0553546250192724        0.1422679411262798
       -0.1308204678009539        0.0582882257879795        0.1396011745661991
       -0.0986276935356586        0.0568867063873864        0.1644277370214205
       -0.0789043038435648        0.0651127164819714        0.1495003097255064
       -0.0623864482391630        0.0533212036496866        0.1405819651543930
       -0.0431023461800905        0.0692686086487240        0.1430949305079616
       -0.0243387413629282        0.0557509204047206        0.1506069207221537
       -0.0015962543372481        0.0678833736917780        0.1491759631738318
        0.0212764018959250        0.0559981301309675        0.1530366415568713
        0.0389214110741010        0.0643513804270195        0.1408005925656759
        0.0591183591148156        0.0552841234458985        0.1424341629957660
        0.0828612046018673        0.0556203663231069        0.1500301429467744
        0.1014674252941194        0.0617506854065704        0.1368648872407246
        0.1171681426776693        0.0746613346719037        0.1438656021065618
       -0.1169904163989933        0.0788457827241581        0.1417624247304969
       -0.0980355986990691        0.0762138784070128        0.1567815873463159
       -0.0803236395041661        0.0849593924982862        0.1391767352201994
       -0.0567730466148464        0.0953275188309499        0.1427455942860251
       -0.0399740602993714        0.0872483856595122        0.1303216732457358
       -0.0214950406784914        0.0772577211379789        0.1408093023965602
        0.0009087966066519        0.0889601501983225        0.1372164235639481
        0.0195546203775449        0.0768594395423432        0.1414882776505126
        0.0389975573364226        0.0866081742939183        0.1334566534904225
        0.0625624258454515        0.0931582588141902        0.1425747971577656
        0.0810065705802765        0.0775687571546377        0.1418767397765104
        0.1001404076670559        0.0887926021403324        0.1486195563987890
        0.1176420329168414        0.0945937036197908        0.1311959730239876
       -0.0993705945591256        0.0937235585210601        0.1460868903290010
       -0.0786059703882649        0.1055364527596079        0.1506092910595944
       -0.0530692172360569        0.1145598494964309        0.1303943135682713
       -0.0339984908280362        0.1066865832182601        0.1418381680717441
       -0.0150296359018991        0.0952339478084360        0.1526212698739226
        0.0093559765565097        0.1038435682757565        0.1486501689690932
        0.0271591182736270        0.0956537280276253        0.1520133598976290
        0.0428834650830098        0.1066711243689703        0.1417865678626493
        0.0619450417686190        0.1141946808282610        0.1305819424494530
        0.0823385660034099        0.1021028557532851        0.1509813478392829
        0.1006453597367380        0.1072127429179508        0.1355578818303154
       -0.0765518002433478        0.1240939228845411        0.1368960195675326
       -0.0566258395641849        0.1357827702425697        0.1354863595171538
       -0.0390279697643742        0.1279799427004905        0.1486537986120983
       -0.0214971739487895        0.1217232111562357        0.1315310848048719
       -0.0082049512337600        0.1129203150721303        0.1427142024213300
        0.0227679947251144        0.1183185753134846        0.1383466049397748
        0.0455327140522707        0.1279966130851887        0.1467775153373063
        0.0634839776005466        0.1343076199416721        0.1339076093820057
        0.0826945819797069        0.1206185086634026        0.1364286683125031
       -0.0324738376441088        0.1436691121554518        0.1352946269196690
       -0.0148342002680152        0.1338582062772497        0.1478577935164532
        0.0079260502004620        0.1363181323427936        0.1461319422468071
        0.0271224016109351        0.1396833118612889        0.1405451803194260
        0.0420681947715139        0.1462403157107211        0.1297845794690510
       -0.0321327762973721       -0.1246387101998856        0.1530773550387876
        0.0078106522980530       -0.1249275944821767        0.1559874669066132
        0.0267220475898295       -0.1139247646642087        0.1621945749955135
       -0.0673143981954211       -0.1090581360331113        0.1535418339698642
       -0.0450085424178306       -0.1057214407742143        0.1636985280414003
       -0.0231565237695381       -0.0976437319705709        0.1730013786855406
        0.0021792370299111       -0.1062939656094656        0.1694014279605020
        0.0214873830824275       -0.0953875578241730        0.1744692126760519
        0.0434217378614096       -0.0994144292702569        0.1680217960207890
        0.0630920645533199       -0.1035443943554262        0.1590532923205822
       -0.0841939824293531       -0.0766506403134404        0.1644264354119199
       -0.0642321140025865       -0.0908256327807918        0.1662075208172922
       -0.0439743744297628       -0.0846516128850546        0.1543010527605255
       -0.0241254970573992       -0.0761169799108065        0.1629670668747787
       -0.0086591499229911       -0.0908614932024217        0.1570347332101732
        0.0105703747086183       -0.0820661238722144        0.1597712190980842
        0.0328050870940654       -0.0834832014605394        0.1559328074554862
        0.0580593058834546       -0.0821812559960160        0.1728448962010898
        0.0777941567306239       -0.0851981900599506        0.1633687166916409
       -0.1024487615265699       -0.0616972658423451        0.1603050176302101
       -0.0812868969714855       -0.0567420514328242        0.1737031375446168
       -0.0649653792629833       -0.0704047101095393        0.1532285586610003
       -0.0456379497836724       -0.0632127302222607        0.1642544892333897
       -0.0257138133495913       -0.0542109252566472        0.1708693193690506
       -0.0039610038194942       -0.0646563491218570        0.1701726170366901
        0.0199357031649258       -0.0648748339188067        0.1659971796791178
        0.0451661524380537       -0.0664864895537870        0.1626009787614433
        0.0672288681335480       -0.0667078004254173        0.1541157047854526
        0.0912992278433229       -0.0669401420156557        0.1648740986776724
        0.1123225899652492       -0.0687901079544059        0.1505043415977073
       -0.0983032845697252       -0.0421765847209846        0.1689899403667036
       -0.0812865609367446       -0.0323168693588645        0.1595529904495207
       -0.0637090359463200       -0.0487948089984372        0.1629485640272607
       -0.0426047329517710       -0.0387264583117672        0.1739033627926246
       -0.0093799288796227       -0.0422462532516866        0.1769612372013966
        0.0117153998565599       -0.0450520346417236        0.1749669272374877
        0.0255605163435742       -0.0309976396507820        0.1584984195261158
        0.0344398749677322       -0.0470150365180298        0.1720995509474143
        0.0581965759227256       -0.0484180786148456        0.1644503703917411
        0.0812895093921678       -0.0472281132962401        0.1544932441458954
        0.1057881203203089       -0.0496086574584219        0.1623202228609658
       -0.1135051418356166       -0.0242097755265369        0.1628817655456621
       -0.0936625443154666       -0.0212536016459647        0.1754297927911729
       -0.0716744428496997       -0.0131310753387853        0.1693808972414933
       -0.0484517852747313       -0.0137307114574022        0.1754634348544777
       -0.0385093665641671       -0.0210197944634616        0.1586993870434999
       -0.0211727285689651       -0.0333042192589782        0.1616273506196677
        0.0036254535129323       -0.0246838794061789        0.1631212878400163
        0.0360943497113863       -0.0117948798790906        0.1617746607020842
        0.0458505328298787       -0.0276676503523693        0.1736948226015024
        0.0668437238904404       -0.0291118301359896        0.1665619047776122
        0.0839312975013286       -0.0250372453671190        0.1580082366224978
        0.1020475198252289       -0.0281881854244835        0.1696812597690521
        0.1163083086471007       -0.0132709923597854        0.1621612102665339
       -0.1280924255827727       -0.0052838998184086        0.1535070387187902
       -0.1097477101482564       -0.0023786624493846        0.1671818832571866
       -0.0936606111061484       -0.0125287083287975        0.1565160072594349
       -0.0565465121780766        0.0081969084062661        0.1724904745595372
       -0.0329258438133095        0.0026366298945246        0.1796520289181150
       -0.0175008755523697       -0.0107596336549857        0.1640891650411813
       -0.0002678482129476        0.0011672492653968        0.1601221133964189
        0.0220696219668025        0.0093977073396462        0.1677761672125241
        0.0568014164299916       -0.0075674690145691        0.1744528494545405
        0.0761907705981482       -0.0052667079434036        0.1629156952974294
        0.0899209440517631        0.0121811517483159        0.1581422111357937
        0.1068596271166735        0.0094924815565386        0.1687925143570269
        0.1341285377951842       -0.0102363986468285        0.1480025387895092
       -0.1178527577836708        0.0162467217688573        0.1607693114391191
       -0.0962910380528549        0.0206348882700827        0.1740753785429494
       -0.0754338365779025        0.0224343246159287        0.1637398848575986
       -0.0564498778451888        0.0337434747614673        0.1700138761374029
       -0.0376912348136716        0.0236648752910366        0.1722409157647450
       -0.0180373825213976        0.0139306333952119        0.1659189342933363
        0.0025369340616188        0.0248680066287009        0.1635591968869051
        0.0352507272701870        0.0233856854851277        0.1559021145349798
        0.0441776185464579        0.0152665532622976        0.1754420472273085
        0.0688974861522677        0.0150693305509260        0.1735468867296865
        0.0819598138901163        0.0321825523331916        0.1600387662225179
        0.1053676537233479        0.0307578429245267        0.1671873579613676
        0.1219653219433063        0.0075275548321009        0.1583281281376013
       -0.1099536434264982        0.0368233042003153        0.1629547193288368
       -0.0747342168872602        0.0470341403776303        0.1605562368267533
       -0.0547799823758539        0.0559061655372830        0.1616045285891662
       -0.0348164458181878        0.0456208681749257        0.1722985890981551
       -0.0200986887277202        0.0352850198354602        0.1574152414422342
        0.0043741955477713        0.0416316557404856        0.1767324770304248
        0.0215716107029047        0.0353204808548985        0.1608585150654613
        0.0440053660757719        0.0382689146344727        0.1732747440572070
        0.0650523656240750        0.0491958163633865        0.1638946962874841
        0.0990164537603401        0.0398941700327263        0.1482741007662187
        0.0934156307211862        0.0489632720892846        0.1699297441558041
       -0.1149112215394506        0.0589145921922163        0.1527235477034635
       -0.0797386596768745        0.0657555367739630        0.1712248683165115
       -0.0598420254466722        0.0760781175696660        0.1541856911974031
       -0.0367348204544024        0.0672219259967145        0.1644346481949524
       -0.0146115446968982        0.0547797907921015        0.1713155808406299
        0.0059214598775029        0.0642382855563360        0.1692846994613036
        0.0254644121829649        0.0516645746696184        0.1736037373786031
        0.0447469467857751        0.0613348506068544        0.1637661518545782
        0.0641528656371608        0.0713917712542628        0.1548315922979473
        0.0777229650397186        0.0633040823891538        0.1730656923736635
        0.0980235498940403        0.0698942397665739        0.1597065399360189
       -0.0796103061601763        0.0866161540126093        0.1617400415143660
       -0.0603735491973560        0.0970360207990845        0.1641311830854318
       -0.0373740096355183        0.0878581367237217        0.1545319161979284
       -0.0159985385746166        0.0759844530494589        0.1638496224860459
        0.0062486975029190        0.0853869642384173        0.1602663317080858
        0.0266590828891478        0.0744196720470499        0.1628219074832452
        0.0457839185442434        0.0832359882748702        0.1537710212236845
        0.0617142156196430        0.0956311201763124        0.1644568163335545
        0.0800721799686859        0.0834330596958643        0.1631789525787606
       -0.0590297751901928        0.1171507070627885        0.1509675379107321
       -0.0419241900132460        0.1082983420093305        0.1628306833660654
       -0.0244917234426940        0.0969915987477188        0.1731842521770040
       -0.0036233999095210        0.1061801755713319        0.1694480490367310
        0.0188714761929565        0.1021237927815836        0.1709227848495998
        0.0433095111417367        0.1079368631528827        0.1627080815073952
        0.0635644376857183        0.1148651896116391        0.1508825717312079
       -0.0215954542398613        0.1172508573923448        0.1605798020131359
        0.0039111369417266        0.1214072106392686        0.1588867276400934
        0.0260707348548784        0.1205693084168508        0.1574273123553750
       -0.0426495692574017       -0.0850723563193784        0.1759082386625674
       -0.0206806905492264       -0.0761008057766415        0.1837960184157626
       -0.0027628613669816       -0.0873486877766132        0.1798960070384969
        0.0153217245108070       -0.0770374128439113        0.1839306439755326
        0.0364875800979752       -0.0787146982937415        0.1802017002429222
       -0.0628869333667609       -0.0712751849668960        0.1759689791371563
       -0.0403768576666857       -0.0645503689308337        0.1849404207810645
       -0.0175728795795072       -0.0560697652683620        0.1911736784299795
        0.0018929410026762       -0.0638657788595913        0.1895193369829127
        0.0263003439489867       -0.0578534423355922        0.1896345726274793
        0.0501453139512332       -0.0610762944320826        0.1837257025322728
        0.0719166973742345       -0.0635551844245974        0.1754671683565492
       -0.0769013810818708       -0.0361097420311743        0.1810587311158304
       -0.0588546701616562       -0.0511707429201678        0.1841675402123448
       -0.0364313232201363       -0.0437130879530965        0.1917339944325429
       -0.0164088888679980       -0.0339896708887371        0.1964063406287767
        0.0049589675962070       -0.0437837975458100        0.1950855906512121
        0.0255382848623621       -0.0354184041449616        0.1951751332919044
        0.0453271701221002       -0.0402730697933636        0.1905873224953791
        0.0657066109830807       -0.0421380754052524        0.1841385995996886
        0.0861255552161315       -0.0447476771701216        0.1748714788802371
       -0.0724454296918299       -0.0130848023629859        0.1859581879406217
       -0.0578257862827704       -0.0289823673424799        0.1892516864241479
       -0.0387121942843973       -0.0226827137475379        0.1949021819254025
       -0.0261637837382504       -0.0222168748647806        0.1797908192967520
       -0.0024519876612671       -0.0230485593463450        0.1804372292190033
        0.0227090451515289       -0.0247136326372753        0.1788562919630633
        0.0423135405226810       -0.0171971139716775        0.1947147235210566
        0.0618897289664203       -0.0200094372760914        0.1891276920463670
        0.0818439730530861       -0.0228103858725589        0.1810559316349953
       -0.0918256963721893       -0.0001642778913974        0.1776738993650567
       -0.0755129062004607        0.0091323634925514        0.1849713516537742
       -0.0542972543568698       -0.0025589813956764        0.1924714518944604
       -0.0115507140644544       -0.0012135830425440        0.1817995257289477
        0.0115497744325613       -0.0056773604534495        0.1788020510456601
        0.0349309133787232       -0.0042586118586739        0.1790003071256065
        0.0558817927566019        0.0052496474228549        0.1919626694200565
        0.0762501040549412       -0.0006725093521375        0.1848931296193194
        0.0958679128326646       -0.0063255913729564        0.1754118872466052
       -0.0741828164805897        0.0309282746275226        0.1831402512011377
       -0.0570355903768265        0.0210646673019803        0.1905340421786559
       -0.0388511483379517        0.0178183814492162        0.1953793580839172
       -0.0160858480706734        0.0308984041030895        0.1794536098441844
        0.0022566180366793        0.0157777084836896        0.1811007414884746
        0.0234821932840375        0.0266003281750511        0.1794421278622407
        0.0393850738131203        0.0259166124138995        0.1943634358085065
        0.0597364232586646        0.0294195480261430        0.1885896336606552
        0.0878511012546766        0.0187530253435652        0.1786910966317862
       -0.0881221146121862        0.0419840942746447        0.1745618192138473
       -0.0655052879397315        0.0515230035678717        0.1818087934027363
       -0.0469570651556525        0.0406491597227334        0.1901122823265685
       -0.0257521256442722        0.0348873701174757        0.1952426680531157
       -0.0052189901726783        0.0483893340625269        0.1939877173859717
        0.0175787830454164        0.0385038473463522        0.1954697935461031
        0.0376882153095406        0.0469588472887429        0.1907209088640420
        0.0577310959466467        0.0540535050708715        0.1836990451084448
        0.0763575022327213        0.0388260943933372        0.1807264956931824
       -0.0618058977231809        0.0749459524387154        0.1748231541843362
       -0.0459833278948042        0.0631729173658936        0.1841051766871052
       -0.0260949881869588        0.0554975009795511        0.1903656455251504
       -0.0049000524051030        0.0690913513502726        0.1876229587450559
        0.0159284091525097        0.0599561459908624        0.1901355999044987
        0.0376700808771648        0.0688157383712119        0.1839710824190668
        0.0583089235775242        0.0762094065097212        0.1754770520385703
       -0.0440193969665326        0.0862475582867351        0.1749961467751206
       -0.0254190466236633        0.0760073515720895        0.1832396098051367
       -0.0035097242714634        0.0880961115493711        0.1795181242913443
        0.0174326818906718        0.0811836864592359        0.1819486483730640
        0.0388871383255941        0.0898119515410255        0.1744178999610320
       -0.0149126183972899       -0.0128187289756344        0.1990308870888357
        0.0057234264413829       -0.0223477844520706        0.1986650923443414
        0.0217693512004744       -0.0104925911900390        0.1985346339518674
       -0.0326399871239494       -0.0037860331417149        0.1972822779180839
        0.0021391208255410        0.0015629031564695        0.1999824528980271
        0.0354778755427153        0.0057544060047105        0.1967440142755573
       -0.0174484611743429        0.0130950842960098        0.1988066144953770
       -0.0016106813428409        0.0273833515805357        0.1981099638665565
        0.0179747024750095        0.0147978970659608        0.1986402082004259
